Ciclo;ANO/SêRIE;Bimestre;Semana;Data;Unidade;Aula Unidade;Aula Sala;T°tulo;Formato de Aula;Objetivo;Conte£dos;Entrega de projeto;Habilidade - BNCC Computaá∆o - c¢digo;Habilidade - BNCC Computaá∆o - texto;Habilidades - BNCC - c¢digo;Habilidades - BNCC - texto
Anos Finais;6ß ano;1ß;1;02 a 06/02;Introduá∆o Ö computaá∆o: iniciando meus estudos;1;1;Primeiros passos na tecnologia;Material digital;"Identificar os tràs eixos principais que estruturam o ensino de tecnologia: pensamento computacional, mundo digital e cultura digital. 
 
 Explicar com suas pr¢prias palavras o que Ç pensamento computacional e quais s∆o seus quatro pilares fundamentais: decomposiá∆o, padr‰es, abstraá∆o e algoritmo. 
 
 Descrever os conceitos iniciais de pensamento computacional na idealizaá∆o de um projeto tecnol¢gico pessoal, como jogos, filmes ou aplicativos.";"Eixos estruturantes da tecnologia: pensamento computacional, mundo digital e cultura digital.
 
 Pilares do pensamento computacional: decomposiá∆o, reconhecimento de padr‰es, abstraá∆o e algoritmo.
 
 Planejamento inicial de projetos criativos em tecnologia com base em interesses pessoais e nas habilidades desejadas.";n/a;"(EF03CO06)
 (EF05CO05)";"(EF03CO06) Reconhecer que, para um computador realizar tarefas, ele se comunica com o mundo exterior com o uso de interfaces f°sicas (dispositivos de entrada e sa°da).
 (EF05CO05) Identificar os componentes principais de um computador (dispositivos de entrada / sa°da, processadores e armazenamento).";n/a;n/a
Anos Finais;6ß ano;1ß;;;;2;2;Entrada e sa°da no computador;Material digital;"Listar os principais dispositivos tecnol¢gicos presentes no ambiente escolar, como computadores, teclados, monitores, projetores, microfones, entre outros.
 
 Explicar as diferenáas entre dispositivos de entrada e dispositivos de sa°da, identificando suas funá‰es no uso do computador.
 
 Classificar corretamente os dispositivos tecnol¢gicos do ambiente escolar em dispositivos de entrada e dispositivos de sa°da.";"Identificaá∆o dos dispositivos tecnol¢gicos na escola
 
 Dispositivos de entrada e suas funá‰es (mouse, teclado, microfone, cÉmera)
 
 Dispositivos de sa°da e suas funá‰es (monitor, impressora, projetor, caixa de som)";n/a;"(EF03CO06)
 (EF05CO05)";"(EF03CO06) Reconhecer que, para um computador realizar tarefas, ele se comunica com o mundo exterior com o uso de interfaces f°sicas (dispositivos de entrada e sa°da).
 (EF05CO05) Identificar os componentes principais de um computador (dispositivos de entrada / sa°da, processadores e armazenamento).";n/a;n/a
Anos Finais;6ß ano;1ß;2;09 a 13/02;;3;3;Explorando o mouse;Material digital;"Identificar as partes e funcionalidades b†sicas do mouse (bot‰es esquerdo, direito e scroll) em um ambiente de programaá∆o visual.
 
 Explicar como utilizar o mouse para realizar aá‰es como clicar, arrastar e soltar blocos no ambiente de programaá∆o Start Lab.
 
 Aplicar as funcionalidades do mouse na criaá∆o de programas simples com blocos, explorando a interaá∆o com o personagem e as ferramentas criativas do ambiente.";"Dispositivo de entrada: o mouse e suas funcionalidades (bot∆o esquerdo, bot∆o direito, scroll).
 
 Interaá∆o com blocos de programaá∆o no ambiente Start Lab (clicar, arrastar, soltar e deletar).
 
 Utilizaá∆o das ferramentas criativas no Start Lab com o mouse (personalizaá∆o do personagem e exploraá∆o dos blocos).";n/a;"(EF03CO06)
 (EF05CO05)";"(EF03CO06) Reconhecer que, para um computador realizar tarefas, ele se comunica com o mundo exterior com o uso de interfaces f°sicas (dispositivos de entrada e sa°da).
 (EF05CO05) Identificar os componentes principais de um computador (dispositivos de entrada / sa°da, processadores e armazenamento).";n/a;n/a
Anos Finais;6ß ano;1ß;;;;4;4;Criando com Teclado;Material digital;"Identificar os principais comandos do teclado na programaá∆o utilizando o Start Lab.
 
 Reconhecer a funá∆o do bloco diga para construir c¢digos criativos no Start Lab.
 
 Aplicar comandos do teclado e do mouse para elaborar mensagens interativas no ambiente de programaá∆o.";"Exploraá∆o do teclado (teclas especiais e caracteres).
 
 Uso da bandeira verde e blocos de Eventos (in°cio do algoritmo).
 
 Personalizaá∆o de mensagens com blocos da categoria Aparància.";Sim;"(EF03CO06)
 (EF05CO05)";"(EF03CO06) Reconhecer que, para um computador realizar tarefas, ele se comunica com o mundo exterior com o uso de interfaces f°sicas (dispositivos de entrada e sa°da).
 (EF05CO05) Identificar os componentes principais de um computador (dispositivos de entrada / sa°da, processadores e armazenamento).";n/a;n/a
Anos Finais;6ß ano;1ß;3;16 a 20/02;Semana Carvanal (Feriados e Planejamento/Replanejamento);;;;;;;;;;;
Anos Finais;6ß ano;1ß;4;23 a 27/02;Cultura Digital: uma aventura no f¢rum com Cody;1;5;Explorando a cultura digital;Material digital;"Identificar comportamentos respeitosos e inadequados nas interaá‰es digitais.
 
 Aplicar princ°pios de respeito e Çtica nas interaá‰es digitais.
 
 Analisar como as emoá‰es digitais afetam as interaá‰es online.";"Reflex∆o sobre emoá‰es nas interaá‰es digitais.
 
 ImportÉncia do comportamento respeitoso nos ambientes digitais.
 
 Regras de convivància pessoais.";n/a;(EF06CO09) (EF06CO10);(EF06CO09) - Apresentar conduta e linguagem apropriadas ao se comunicar em ambiente digital, considerando a Çtica e o respeito. (Nesta habilidade Ç importante que os alunos possam vivenciar, discutir e refletir sobre o comportamento ao se comunicar em ambiente digital, principalmente na internet, mas n∆o limitada a ela (por exemplo tambÇm em aplicativos de conversa) (EF06CO10) Analisar o consumo de tecnologia na sociedade, compreendendo criticamente o caminho da produá∆o dos recursos bem como aspectos ligados Ö obsolescància e a sustentabilidade. ?;n/a;n/a
;;;;;;2;6;O poder das respostas;Material digital;"Aplicar estratÇgias para responder de maneira respeitosa em interaá‰es digitais.
 
 Diferenciar respostas respeitosas de impulsivas em situaá‰es de comunicaá∆o digital.
 
 Avaliar o impacto das emoá‰es nas respostas digitais.";"Conceito de pirÉmide das emoá‰es.
 
 Identificaá∆o de respostas impulsivas e reflexivas.
 
 Impacto das emoá‰es nas interaá‰es digitais.";n/a;(EF06CO09) (EF06CO10);(EF06CO09) - Apresentar conduta e linguagem apropriadas ao se comunicar em ambiente digital, considerando a Çtica e o respeito. (Nesta habilidade Ç importante que os alunos possam vivenciar, discutir e refletir sobre o comportamento ao se comunicar em ambiente digital, principalmente na internet, mas n∆o limitada a ela (por exemplo tambÇm em aplicativos de conversa) (EF06CO10) Analisar o consumo de tecnologia na sociedade, compreendendo criticamente o caminho da produá∆o dos recursos bem como aspectos ligados Ö obsolescància e a sustentabilidade. ?;n/a;n/a
Anos Finais;6ß ano;1ß;5;02 a 06/03;;3;7;Tirando d£vidas corretamente;Material digital;"Aplicar estratÇgias para fazer perguntas claras no f¢rum.
 
 Analisar exemplos de perguntas inadequadas e suas melhorias.
 
 Criar perguntas objetivas e respeitosas no f¢rum.";"Como fazer perguntas claras e objetivas.
 
 EstratÇgias de criaá∆o de boas perguntas.
 
 An†lise de perguntas inadequadas.";n/a;(EF06CO09) (EF06CO10);(EF06CO09) - Apresentar conduta e linguagem apropriadas ao se comunicar em ambiente digital, considerando a Çtica e o respeito. (Nesta habilidade Ç importante que os alunos possam vivenciar, discutir e refletir sobre o comportamento ao se comunicar em ambiente digital, principalmente na internet, mas n∆o limitada a ela (por exemplo tambÇm em aplicativos de conversa) (EF06CO10) Analisar o consumo de tecnologia na sociedade, compreendendo criticamente o caminho da produá∆o dos recursos bem como aspectos ligados Ö obsolescància e a sustentabilidade. ?;n/a;n/a
Anos Finais;6ß ano;1ß;;;;4;8;Desvendando a Obsolescància Programada;Material digital;"Compreender o conceito de obsolescància programada e seus impactos.
 
 Analisar as consequàncias ambientais do consumo excessivo de tecnologia.
 
 Propor soluá‰es para reduzir o desperd°cio de aparelhos tecnol¢gicos.";"Conceito de obsolescància programada.
 
 Impactos ambientais do lixo eletrìnico.
 
 Soluá‰es para consumo sustent†vel de tecnologia.";n/a;(EF06CO10) (EF06CO09);(EF06CO10) Analisar o consumo de tecnologia na sociedade, compreendendo criticamente o caminho da produá∆o dos recursos bem como aspectos ligados Ö obsolescància e a sustentabilidade. (EF06CO09) - Apresentar conduta e linguagem apropriadas ao se comunicar em ambiente digital, considerando a Çtica e o respeito. (Nesta habilidade Ç importante que os alunos possam vivenciar, discutir e refletir sobre o comportamento ao se comunicar em ambiente digital, principalmente na internet, mas n∆o limitada a ela (por exemplo tambÇm em aplicativos de conversa);n/a;n/a
Anos Finais;6ß ano;1ß;6;09 a 13/03;;x;9 e 10;"Avaliaá∆o da unidade: 
 
 - Introduá∆o Ö computaá∆o: iniciando meus estudos
 
 - Cultura Digital: uma aventura no f¢rum com Cody";;;;-;-;-;-;
Anos Finais;6ß ano;1ß;7;16 a 20/03;L¢gica de programaá∆o: exploraá∆o criativa pt1;1;11;Iniciando a exploraá∆o;V°deo;"Selecionar personagens na biblioteca do ambiente de programaá∆o.
 
 Duplicar e editar personagens para criar novos personagens combinados.
 
 Renomear os personagens criados.";"Ambientalizaá∆o no StartLab.
 
 Criaá∆o e ediá∆o de personagens.
 
 Composiá∆o e personalizaá∆o de personagens.";n/a;(EF06CO02);(EF06CO02) Elaborar algoritmos que envolvam instruá‰es sequenciais, de repetiá∆o e de seleá∆o usando uma linguagem de programaá∆o.;(EF69AR06);(EF69AR06) Desenvolver processos de criaá∆o em artes visuais, com base em temas ou interesses art°sticos, de modo individual, coletivo e colaborativo, fazendo uso de materiais, instrumentos e recursos convencionais, alternativos e digitais.
Anos Finais;6ß ano;1ß;;;;2;12;Ensinando o computador;V°deo;"Conhecer a †rea de c¢digo do startlab.
 
 Localizar os blocos de eventos, controle e aparància.
 
 Implementar um algoritmo para alterar fantasias.";"Revis∆o e continuaá∆o do projeto anterior.
 
 Introduá∆o Ö programaá∆o no StartLab.
 
 Criaá∆o de sequàncias de animaá∆o.";n/a;(EF06CO02);(EF06CO02) Elaborar algoritmos que envolvam instruá‰es sequenciais, de repetiá∆o e de seleá∆o usando uma linguagem de programaá∆o.;(EF69AR06);(EF69AR06) Desenvolver processos de criaá∆o em artes visuais, com base em temas ou interesses art°sticos, de modo individual, coletivo e colaborativo, fazendo uso de materiais, instrumentos e recursos convencionais, alternativos e digitais.
Anos Finais;6ß ano;1ß;8;23 a 27/03;;3;13;Reconhecendo padr‰es;V°deo;"Reconhecer padr‰es e automatizar tarefas.
 
 Depurar e refinar c¢digos para eficiància.
 
 Adicionar, modificar e nomear os personagens no StartLab.";"Introduá∆o Ö programaá∆o no StartLab.
 
 Adicionar e modificar fantasias no Start Lab.
 
 Otimizaá∆o de c¢digos com blocos de controle.";n/a;(EF06CO02);(EF06CO02) Elaborar algoritmos que envolvam instruá‰es sequenciais, de repetiá∆o e de seleá∆o usando uma linguagem de programaá∆o.;(EF69AR06);(EF69AR06) Desenvolver processos de criaá∆o em artes visuais, com base em temas ou interesses art°sticos, de modo individual, coletivo e colaborativo, fazendo uso de materiais, instrumentos e recursos convencionais, alternativos e digitais.
Anos Finais;6ß ano;1ß;;;;4;14;Explorando cen†rios;V°deo;"Diferenciar atores e cen†rios no StartLab.
 Modificar cen†rios no StartLab.
 Comparar e diferenciar ferramentas de ediá∆o de imagens.";"Seleá∆o e adiá∆o de cen†rios
 Copiar e colar elementos visuais
 Diferenáas nas ferramentas de ediá∆o";Sim;(EF06CO02);(EF06CO02) Elaborar algoritmos que envolvam instruá‰es sequenciais, de repetiá∆o e de seleá∆o usando uma linguagem de programaá∆o.;(EF69AR06);(EF69AR06) Desenvolver processos de criaá∆o em artes visuais, com base em temas ou interesses art°sticos, de modo individual, coletivo e colaborativo, fazendo uso de materiais, instrumentos e recursos convencionais, alternativos e digitais.
Anos Finais;6ß ano;1ß;9;30/03 a 02/04;;x;15 e 16;Semana para nivelamento;;;;;-;-;-;-
Anos Finais;6ß ano;1ß;10;06 a 10/04;;x;17 e 18;"Avaliaá∆o das unidades: 
 
 - L¢gica de programaá∆o: exploraá∆o criativa pt 1";;;;-;-;-;-;
Anos Finais;6ß ano;1ß;11;13 a 17/04;;x;19 e 20;Recuperaá∆o do bimestre;;;;;;;;
Anos Finais;6ß ano;2ß;12;22 a 30/04;L¢gica de programaá∆o: exploraá∆o criativa pt 2;1;21;Cen†rios criativos;;"Modificar cen†rios variados
 Implementar o algoritmo que trocam os cen†rios
 Compartilhar o projeto finalizado";"Criaá∆o de cen†rios personalizados.
 Programaá∆o da troca de cen†rios.
 Salvar e compartilhar o projeto.";n/a;(EF06CO02);(EF06CO02) Elaborar algoritmos que envolvam instruá‰es sequenciais, de repetiá∆o e de seleá∆o usando uma linguagem de programaá∆o.;(EF69AR06);(EF69AR06) Desenvolver processos de criaá∆o em artes visuais, com base em temas ou interesses art°sticos, de modo individual, coletivo e colaborativo, fazendo uso de materiais, instrumentos e recursos convencionais, alternativos e digitais.
Anos Finais;6ß ano;2ß;;;;2;22;Cart∆o animado;;"Utilizar atores e cen†rios para um cart∆o animado.
 Adicionar e organizar textos e personagens no cen†rio.
 Identificar boas pr†ticas de seguranáa online.";"Escolha de temas para o cart∆o animado.
 Selecionar os atores do cart∆o
 Noá‰es de seguranáa online, evitando o compartilhamento de informaá‰es pessoais.";n/a;(EF06CO02);(EF06CO02) Elaborar algoritmos que envolvam instruá‰es sequenciais, de repetiá∆o e de seleá∆o usando uma linguagem de programaá∆o.;(EF69AR06);(EF69AR06) Desenvolver processos de criaá∆o em artes visuais, com base em temas ou interesses art°sticos, de modo individual, coletivo e colaborativo, fazendo uso de materiais, instrumentos e recursos convencionais, alternativos e digitais.
Anos Finais;6ß ano;2ß;13;04 a 08/05;;3;23;Efeitos divertidos;;"Compreender como a alteraá∆o de efeitos visuais modifica o comportamento do personagem.
 Aplicar repetiá∆o com aumento e retorno de valores para controlar efeitos visuais.
 Analisar a necessidade de ajustar valores para manter a legibilidade e o funcionamento do algoritmo.";"Efeitos visuais em personagens (cor e turbilh∆o).
 L¢gica de repetiá∆o com aumento e diminuiá∆o de valores.
 Controle de efeitos para manter o comportamento esperado do algoritmo.";n/a;(EF06CO02);(EF06CO02) Elaborar algoritmos que envolvam instruá‰es sequenciais, de repetiá∆o e de seleá∆o usando uma linguagem de programaá∆o.;(EF69AR06);(EF69AR06) Desenvolver processos de criaá∆o em artes visuais, com base em temas ou interesses art°sticos, de modo individual, coletivo e colaborativo, fazendo uso de materiais, instrumentos e recursos convencionais, alternativos e digitais.
Anos Finais;6ß ano;2ß;;;;4;24;Reutilizaá∆o de C¢digo;;"Reutilizar e adaptar c¢digos desenvolvidos previamente
 Experimentar diferentes efeitos visuais para os personagens.
 Utilizar a l¢gica de repetiá∆o com aumento positiva e negativa para criar efeitos dinÉmicos.";"Algoritmos com repetiá‰es positivas e negativas
 Uso de blocos de aparància para modificar efeitos visuais.
 Abstraá∆o e reutilizaá∆o de c¢digos em diferentes atores do projeto.";Sim;(EF06CO02);(EF06CO02) Elaborar algoritmos que envolvam instruá‰es sequenciais, de repetiá∆o e de seleá∆o usando uma linguagem de programaá∆o.;(EF69AR06);(EF69AR06) Desenvolver processos de criaá∆o em artes visuais, com base em temas ou interesses art°sticos, de modo individual, coletivo e colaborativo, fazendo uso de materiais, instrumentos e recursos convencionais, alternativos e digitais.
Anos Finais;6ß ano;2ß;14;11 a 15/05;;x;25 e 26;"Avaliaá∆o das unidades: 
 
 - L¢gica de programaá∆o: exploraá∆o criativa pt 2";;;;-;-;-;-;
Anos Finais;6ß ano;2ß;15;18 a 22/05;Tipos de dados: criando uma coleá∆o de m†quinas;1;27;Criando um concurso de m†quinas;;"Compreender a proposta do projeto ""Concurso de M†quinas"".
 Identificar a necessidade de organizar itens em coleá‰es.
 Planejar a seleá∆o de itens reais e a criaá∆o de um item fict°cio para o concurso.";"O que Ç uma coleá∆o
 Coleá∆o de elementos
 Planejamento de Projeto Interativo";n/a;(EF06CO01);(EF06CO01) Classificar informaá‰es, agrupando-as em coleá‰es (conjuntos) e associando cada coleá∆o a um ?tipo de dados;n/a;n/a
;;;;;;2;28;Criando fantasias;;"Utilizar as ferramentas de desenho do Start Lab para criar elementos visuais.
 Nomear fantasias de atores de forma significativa.
 Compreender que elementos podem ser representados por n£meros, textos e imagens";"Ferramentas de desenho (Start Lab)
 Representaá∆o de Dados (n£mero, texto, imagem)
 Organizaá∆o de Fantasias/Atores";n/a;(EF06CO01);(EF06CO01) Classificar informaá‰es, agrupando-as em coleá‰es (conjuntos) e associando cada coleá∆o a um ?tipo de dados;n/a;n/a
Anos Finais;6ß ano;2ß;16;25 a 29/05;;3;29;Sorteando elementos;;"Aplicar blocos de evento para iniciar a execuá∆o do programa.
 Utilizar o bloco ""Mudar fantasia para"" para exibir fantasias.
 Implementar o bloco ""n£mero aleat¢rio"" para sortear imagens dinamicamente.";"Blocos de Eventos (bandeira verde)
 Blocos de Aparància (Mudar fantasia para)
 Bloco de operadores (n£mero aleat¢rio)";n/a;(EF06CO05);(EF06CO05) Identificar os recursos ou insumos necess†rios (entradas) para a resoluá∆o de problemas, bem como os resultados esperados (sa°das), determinando os respectivos tipos de dados, e estabelecendo a definiá∆o de problema como uma relaá∆o entre entrada e sa°da.;n/a;n/a
;;;;;;4;30;Adicionando interaá∆o;;"Criar um bot∆o interativo para iniciar a interaá∆o do usu†rio.
 Utilizar blocos de ""Diga"" para exibir mensagens de boas-vindas.
 Implementar o bloco ""Pergunte e Espere"" para coletar respostas do usu†rio.";"Criaá∆o de Bot‰es
 Blocos de Aparància (Diga)
 Sensores (Pergunte e Espere, Resposta)";n/a;(EF06CO05);(EF06CO05) Identificar os recursos ou insumos necess†rios (entradas) para a resoluá∆o de problemas, bem como os resultados esperados (sa°das), determinando os respectivos tipos de dados, e estabelecendo a definiá∆o de problema como uma relaá∆o entre entrada e sa°da.;n/a;n/a
Anos Finais;6ß ano;2ß;17;01 a 03/06;;x;31 e 32;Semana para nivelamento;;;;;-;-;-;-
Anos Finais;6ß ano;2ß;18;08 a 12/06;Tipos de dados: criando uma coleá∆o de m†quinas;5;33;Validando respostas;;"Aplicar o bloco condicional ""Se Ent∆o"" para verificar condiá‰es.
 Utilizar operadores de comparaá∆o (contÇm) para validar respostas.
 Compreender o tipo de dado booleano (verdadeiro/falso).";"Estruturas condicionais (Se Ent∆o)
 Operadores de comparaá∆o (contÇm)
 Tipo de dado Booleano";n/a;(EF06CO05);(EF06C001) Classificar informaá‰es, agrupando-as em coleá‰es (conjuntos) e associando cada coleá∆o a um tipo de dados.;n/a;n/a
;;;;;;6;34;Comparando respostas;;"Diferenciar o uso dos operadores ""igualdade"" e ""contÇm"".
 Utilizar o sensor ""nome da fantasia de ator"" para validaá∆o dinÉmica.
 Ajustar a l¢gica de validaá∆o para considerar variaá‰es na entrada do usu†rio.";"Operador de igualdade
 Sensor ""Nome da Fantasia""
 Validaá∆o dinÉmica de respostas";n/a;"(EF06CO05)
 (EF06C001)";"(EF06C001) Classificar informaá‰es, agrupando-as em coleá‰es (conjuntos) e associando cada coleá∆o a um tipo de dados.
 (EF06C005) Identificar os insumos necess†rios (entradas) para a resoluá∆o de problemas, bem como os resultados esperados (sa°das), determinando os respectivos tipos de dados, estabelecendo a definiá∆o de problema como uma relaá∆o entre entrada e sa°da.";n/a;n/a
Anos Finais;6ß ano;2ß;19;15 a 19/06;;7;35;Melhorando a experiància;;"Implementar o bloco condicional ""Se ent∆o sen∆o"" para fornecer feedback completo.
 Criar mensagens personalizadas para acertos e erros do usu†rio.
 Desenvolver abordagem respeitosa e incentivadora ao lidar com erros.";"Blocos de Controle (""Se ent∆o sen∆o"")
 Feedback ao usu†rio
 Design de interaá∆o (UX)";n/a;(EF06CO05);(EF06CO05) Identificar os recursos ou insumos necess†rios (entradas) para a resoluá∆o de problemas, bem como os resultados esperados (sa°das), determinando os respectivos tipos de dados, e estabelecendo a definiá∆o de problema como uma relaá∆o entre entrada e sa°da.;n/a;n/a
;;;;;;8;36;Reflex∆o;;"Refletir sobre a conex∆o dos novos conhecimentos com saberes prÇvios.
 Identificar novas ideias e a ampliaá∆o do pensamento proporcionada pela unidade.
 Formular perguntas e desafios futuros para aprofundar o aprendizado.";"Revis∆o de conceitos (coleá‰es, tipos de dados, condicionais)
 Processo de aprendizagem e reflex∆o
 Identificaá∆o de desafios e pr¢ximos passos";Sim;(EF06CO05);(EF06CO05) Identificar os recursos ou insumos necess†rios (entradas) para a resoluá∆o de problemas, bem como os resultados esperados (sa°das), determinando os respectivos tipos de dados, e estabelecendo a definiá∆o de problema como uma relaá∆o entre entrada e sa°da.;n/a;n/a
Anos Finais;6ß ano;2ß;20;22 a 26/06;;x;37 e 38;"Avaliaá∆o da unidade: 
 
 - Tipos de dados: criando uma coleá∆o de m†quinas";;;;-;-;-;-;
Anos Finais;6ß ano;2ß;21;29/06 03/07;;x;39 e 40;Recuperaá∆o do bimestre;;;;;;;;
Anos Finais;7ß ano;1ß;1;02 a 06/02;Introduá∆o Ö computaá∆o: conhecendo o teclado e o mouse;1;1;M∆os no teclado;V°deo;"Recordar a origem do padr∆o QWERTY e as funá‰es das teclas que auxiliam na digitaá∆o (F, J, Caps Lock, Shift e AltGr).
 Compreender o posicionamento correto das m∆os e o uso combinado das teclas para formar letras mai£sculas, acentos e caracteres especiais.
 Aplicar diferentes combinaá‰es de teclas para digitar com precis∆o e agilidade textos que contenham letras acentuadas e s°mbolos";"Uso das teclas de modificaá∆o: Caps Lock, Shift e AltGr para escrever letras mai£sculas e acessar caracteres alternativos.
 Inserá∆o de acentos e s°mbolos: combinaá∆o de teclas de acento com letras e uso do Shift para caracteres superiores.
 Exploraá∆o do teclado QWERTY: reconhecimento das funá‰es e posiá‰es das teclas que facilitam a digitaá∆o e o uso correto dos sinais gr†ficos.";n/a;EF03CO06;(EF03CO06) Reconhecer que, para um computador realizar tarefas, ele se comunica com o mundo exterior com o uso de interfaces f°sicas (dispositivos de entrada e sa°da);n/a;n/a
;;;;;;2;2;Atalhos em aá∆o;V°deo;"Conhecer os principais atalhos de teclado usados em editores de texto.
 Explicar como combinaá‰es com Ctrl e Shift modificam seleá∆o e formataá∆o.
 Aplicar atalhos de teclado para editar textos sem usar o mouse.";"Atalhos essenciais (seleá∆o, copiar/colar/recortar, desfazer, salvar, localizar).
 Atalhos de formataá∆o e ajuste de fonte (Ctrl+B/I/U; Ctrl+Shift+./, Ctrl+Shift+,; Ctrl+Backspace).
 Uso de atalhos em uma atividade gamificada e de memorizaá∆o";n/a;EF03CO06;(EF03CO06) Reconhecer que, para um computador realizar tarefas, ele se comunica com o mundo exterior com o uso de interfaces f°sicas (dispositivos de entrada e sa°da);n/a;n/a
Anos Finais;7ß ano;1ß;2;09 a 13/02;;3;3;"Mouse e 
 seus bot‰es";V°deo;"Identificar as funá‰es do clique simples, duplo e triplo.
 Aplicar o clique duplo para selecionar palavras em um documento.
 Criar uma sequància que combine cliques e atalhos de teclado para formatar texto rapidamente.";"Funá‰es do clique simples, duplo e triplo.
 Posicionamento do cursor e seleá∆o de texto com o mouse.
 Combinaá∆o de cliques com atalhos de teclado para aumentar agilidade.";n/a;EF03CO06;(EF03CO06) Reconhecer que, para um computador realizar tarefas, ele se comunica com o mundo exterior com o uso de interfaces f°sicas (dispositivos de entrada e sa°da);n/a;n/a
;;;;;;4;4;Mais funá‰es do mouse;V°deo;"Conhecer a aá∆o de arrastar e soltar para mover texto e imagens em um documento.
 Compreender como o bot∆o direito abre menus contextuais e suas opá‰es comuns.
 Praticar as funá‰es do mouse: arrastar e soltar, bot∆o direito e demais tipos de cliques.";"Operaá‰es do mouse (segurar e arrastar, bot∆o direito, clique duplo)
 Coordenaá∆o motora e pr†tica em atividade gamificada
 Uso do bot∆o direito";n/a;EF03CO06;(EF03CO06) Reconhecer que, para um computador realizar tarefas, ele se comunica com o mundo exterior com o uso de interfaces f°sicas (dispositivos de entrada e sa°da);n/a;n/a
Anos Finais;7ß ano;1ß;3;16 a 20/02;Semana Carvanal (Feriados e Planejamento/Replanejamento);;;;;;;;;;;
Anos Finais;7ß ano;1ß;4;23 a 27/02;Introduá∆o Ö computaá∆o: aprofundando meus estudos;1;5;Pacote de dados;Material digital;"Reconhecer o conceito fundamental de transmiss∆o de dados atravÇs de analogias do cotidiano.
 Compreender a importÉncia da divis∆o de informaá‰es em pacotes de dados para a comunicaá∆o digital.
 Aplicar estratÇgias para ordenar e reagrupar pacotes de dados, simulando a recepá∆o de mensagens.";"Conceito de transmiss∆o de dados e sua analogia no ambiente escolar.
 Divis∆o de informaá‰es em pacotes de dados.
 EstratÇgias para organizaá∆o de pacotes de dados.";n/a;EF06CO07;(EF06CO07) Entender o processo de transmiss∆o de dados, como a informaá∆o Ç quebrada em pedaáos, transmitida em pacotes atravÇs de m£ltiplos equipamentos, e reconstru°da no destino.;n/a;n/a
;;;;;;2;6;Regras de transmiss∆o de dados;V°deo;"Identificar o conceito de protocolo como um conjunto de regras para a transmiss∆o de dados.
 Aplicar regras de transmiss∆o de dados em uma simulaá∆o para garantir a entrega de mensagens.
 Explicar a importÉncia dos protocolos para a confiabilidade e organizaá∆o da comunicaá∆o em redes.";"Conceito e funá∆o dos protocolos na internet
 Simulaá∆o de transmiss∆o de dados em rede
 Analogias para entender pacotes de dados";n/a;EF07CO06;(EF07CO06) Compreender o papel de protocolos para a transmiss∆o de dados.;n/a;n/a
Anos Finais;7ß ano;1ß;5;02 a 06/03;;3;7;A internet: endereáos e dados;V°deo;"Identificar os conceitos de endereáo IP e DNS como elementos cruciais para a localizaá∆o de informaá‰es na internet.
 Explicar o processo de transmiss∆o de dados em pacotes e a funá∆o dos servidores no acesso a sites.
 Analisar a importÉncia da comunicaá∆o paralela e da capacidade dos servidores na experiància de navegaá∆o em m£ltiplas abas.";"Protocolos da Internet: IP e DNS
 Transmiss∆o de dados e pacotes
 Servidores e acesso paralelo a p†ginas web";n/a;EF08CO06;(EF08CO06) Entender como Ç a estrutura e funcionamento da internet.;n/a;n/a
;;;;;;4;8;Organizando arquivos digitais;V°deo;"Identificar os formatos comuns de arquivos digitais (ex: .zip, .gif, .jpg, texto) e sua finalidade.
 Compreender o conceito de compactaá∆o de arquivos e a diferenáa entre arquivos compactados e descompactados.
 Aplicar procedimentos para baixar, extrair e organizar arquivos digitais em pastas no computador local.";"Conceito e identificaá∆o de arquivos compactados (.zip).
 Procedimento para download e extraá∆o de arquivos.
 Organizaá∆o de arquivos em pastas por tipo (imagens, textos, etc.).";n/a;EF06CO08;(EF06CO08) Compreender e utilizar diferentes formas de armazenar, manipular, compactar e recuperar arquivos, documentos e metadados.;n/a;n/a
Anos Finais;7ß ano;1ß;6;09 a 13/03;;x;9 e 10;"Avaliaá∆o da unidade: 
 
 - Introduá∆o Ö computaá∆o: conhecendo o teclado e o mouse
 
 - Introduá∆o Ö computaá∆o: aprofundando meus estudos";;;;-;-;-;-;
Anos Finais;7ß ano;1ß;7;16 a 20/03;Seguranáa CibernÇtica: pr†ticas para proteá∆o digital pt 1;1;11;Rastros na Internet;Material digital;"Compreender a diferenáa entre dados e informaá‰es no contexto digital.
 Identificar pr†ticas inseguras no uso da internet que podem comprometer dados pessoais.
 Refletir sobre os pr¢prios rastros digitais e como eles podem ser utilizados por terceiros.";"Diferenáa entre dados e informaá‰es digitais.
 Como interaá‰es online geram perfis pessoais.
 Introduá∆o ao conceito de seguranáa digital e rastros deixados na internet.";n/a;EF07CO07;(EF07CO07) Identificar problemas de seguranáa cibernÇtica e experimentar formas de proteá∆o.;n/a;n/a
;;;;;;2;12;Ameaáas digitais;Material digital;"Analisar como dados pessoais podem ser usados em golpes digitais.
 Relacionar ameaáas cibernÇticas a comportamentos inseguros online.
 Identificar formas seguras de agir frente a mensagens e links suspeitos.";"Tipos de ameaáas digitais: malware e phishing.
 EstratÇgias utilizadas por golpistas para obter dados pessoais.
 Dicas pr†ticas de prevená∆o e seguranáa na internet.";n/a;EF07CO07;(EF07CO07) Identificar problemas de seguranáa cibernÇtica e experimentar formas de proteá∆o.;n/a;n/a
Anos Finais;7ß ano;1ß;8;23 a 27/03;;3;13;Desinformaá∆o online;Material digital;"Analisar como a engenharia social e a desinformaá∆o ameaáam a seguranáa digital.
 Reconhecer riscos associados Ö exposiá∆o de dados pessoais na internet.
 Propor estratÇgias de proteá∆o contra golpes que utilizam dados e imagens pessoais.";"Ameaáas digitais: engenharia social e desinformaá∆o (fake news).
 Desinformaá∆o (fake news) e manipulaá∆o de conte£do (imagens, †udios).
 Riscos do compartilhamento de dados e imagens na internet.";n/a;EF07CO07;(EF07CO07) Identificar problemas de seguranáa cibernÇtica e experimentar formas de proteá∆o.;n/a;n/a
;;;;;;4;14;Empatia digital;Material digital;"Refletir sobre atitudes pessoais que impactam a seguranáa e o respeito no ambiente digital.
 Reconhecer a importÉncia da empatia e do respeito nas interaá‰es online.
 Avaliar os riscos de compartilhamentos impulsivos e conte£dos prejudiciais.";"Aá‰es individuais e sua relaá∆o com a seguranáa digital.
 Empatia, respeito e convivància saud†vel na internet.
 Riscos da disseminaá∆o de conte£dos ofensivos ou falsos.";n/a;"EF07CO07
 EF07CO08";"(EF07CO07) Identificar problemas de seguranáa cibernÇtica e experimentar formas de proteá∆o. 
 (EF07CO08) Demonstrar empatia sobre opini‰es divergentes na web.";n/a;n/a
Anos Finais;7ß ano;1ß;9;30/03 a 02/04;;x;15 e 16;Semana para nivelamento;;;;;-;-;-;-
Anos Finais;7ß ano;1ß;10;06 a 10/04;;x;17 e 18;"Avaliaá∆o das unidades: 
 
 - Seguranáa CibernÇtica: pr†ticas para proteá∆o digital pt 1";;;;-;-;-;-;
Anos Finais;7ß ano;1ß;11;13 a 17/04;;x;19 e 20;Recuperaá∆o do bimestre;;;;;;;;
Anos Finais;7ß ano;2ß;12;22 a 30/04;Seguranáa CibernÇtica: pr†ticas para proteá∆o digital pt 2;1;21;Planejando nosso roteiro;;"Planejar um produto digital com base em temas de seguranáa digital.
 Selecionar um formato e uma mensagem adequada para o p£blico-alvo.
 Organizar a estrutura narrativa do produto com comeáo, meio e fim.";"Escolha do tema, formato e mensagem do produto digital.
 Estrutura narrativa: identificaá∆o do problema, soluá∆o e encerramento.
 Roteirizaá∆o e planejamento de produá∆o com base na tem†tica escolhida.";Sim;(EF07CO11);(EF07CO11) Criar, documentar e publicar, de forma individual ou colaborativa, produtos (v°deos, podcasts, web sites) usando recursos de tecnologia.;n/a;n/a
;;;;;;2;22;Produá∆o criativa;;"Aplicar conhecimentos prÇvios para iniciar a produá∆o de um produto digital.
 Utilizar ferramentas tecnol¢gicas para criar cen†rios, personagens e sequàncias de aá‰es.
 Explorar recursos de programaá∆o ou gravaá∆o para construir narrativas digitais.";"Interface e funcionalidades b†sicas do Start Lab.
 Criaá∆o de personagens, cen†rios e fantasias.
 In°cio da produá∆o de v°deos, animaá‰es ou †udios digitais.";n/a;(EF07CO11);(EF07CO11) Criar, documentar e publicar, de forma individual ou colaborativa, produtos (v°deos, podcasts, web sites) usando recursos de tecnologia.;n/a;n/a
Anos Finais;7ß ano;2ß;13;04 a 08/05;;3;23;Finalizaá∆o do produto;;"Finalizar o produto digital utilizando recursos de programaá∆o e ediá∆o.
 Revisar elementos tÇcnicos e narrativos da produá∆o digital.
 Aprimorar o projeto com base em testes e ajustes de blocos e interaá‰es.";"Inserá∆o e organizaá∆o de blocos de programaá∆o (evento, aparància, controle).
 Coordenaá∆o de di†logos e transiá‰es entre cen†rios e fantasias.
 Avaliaá∆o e ajustes finais do projeto digital.";n/a;(EF07CO11);(EF07CO11) Criar, documentar e publicar, de forma individual ou colaborativa, produtos (v°deos, podcasts, web sites) usando recursos de tecnologia.;n/a;n/a
;;;;;;4;24;Hora de compartilhar;;"Apresentar o produto digital criado, explicando sua mensagem e estrutura.
 Refletir sobre os conhecimentos adquiridos durante a unidade.
 Valorizar a produá∆o pr¢pria e a dos colegas como forma de multiplicaá∆o de saberes.";"Compartilhamento e apresentaá∆o dos produtos digitais.
 Discuss∆o sobre aprendizados em seguranáa digital.
 Reflex∆o sobre curiosidades e descobertas feitas ao longo da unidade.";Sim;(EF07CO11);(EF07CO11) Criar, documentar e publicar, de forma individual ou colaborativa, produtos (v°deos, podcasts, web sites) usando recursos de tecnologia.;n/a;n/a
Anos Finais;7ß ano;2ß;14;11 a 15/05;;x;25 e 26;"Avaliaá∆o da unidade: 
 
 - Seguranáa CibernÇtica: pr†ticas para proteá∆o digital pt 2";;;;-;-;-;-;
Anos Finais;7ß ano;2ß;15;18 a 22/05;An†lise de algoritmos: debugando a l¢gica do n£mero primo;1;27;Debugar o c¢digo;;"Configurar o ambiente de programaá∆o, alterando cen†rios e atores.
 Utilizar o bloco ""pergunte e espere"" para interagir com o usu†rio.
 Criar e manipular vari†veis para armazenar dados de entrada.";"Ambiente de programaá∆o visual (Start Lab).
 Vari†veis e atribuiá∆o de valores.
 Interaá∆o com o usu†rio (entrada de dados).";n/a;(EF07C002);(EF07C002) Analisar programas para detectar e remover erros, ampliando a confianáa na sua correá∆o.;;
;;;;;;2;28;L¢gica condicional;;"Identificar padr‰es numÇricos a partir do resto da divis∆o.
 Implementar estruturas condicionais para tomar decis‰es no c¢digo.
 Utilizar operadores de comparaá∆o para verificar igualdade de valores.";"Estruturas Condicionais (If/Else).
 Vari†veis de Controle de Fluxo.
 Depuraá∆o com Blocos de Sa°da.";n/a;(EF07C002);(EF07C002) Analisar programas para detectar e remover erros, ampliando a confianáa na sua correá∆o.;;
Anos Finais;7ß ano;2ß;16;25 a 29/05;;3;29;Laáos de repetiá∆o;;"Decompor um problema complexo em etapas menores e gerenci†veis.
 Implementar laáos de repetiá∆o para iterar sobre uma sequància de n£meros.
 Utilizar vari†veis para contar ocorràncias dentro de um loop.";"Conceito de n£mero primo.
 Laáos de repetiá∆o (loops).
 Contadores em programaá∆o.";n/a;(EF07C002);(EF07C002) Analisar programas para detectar e remover erros, ampliando a confianáa na sua correá∆o.;;
;;;;;;4;30;Classificando n£meros com l¢gica;;"Finalizar a l¢gica de verificaá∆o de n£meros primos.
 Utilizar fantasias de atores para representar diferentes estados do programa.
 Remover blocos de depuraá∆o para otimizar a execuá∆o do c¢digo.";"L¢gica de classificaá∆o (primo/n∆o primo).
 Controle de fluxo condicional.
 Interaá∆o visual com atores (fantasias).";Sim;(EF07C002);(EF07C002) Analisar programas para detectar e remover erros, ampliando a confianáa na sua correá∆o.;;
Anos Finais;7ß ano;2ß;17;01 a 03/06;;x;31 e 32;Semana para nivelamento;;;;;-;-;-;-
Anos Finais;7ß ano;2ß;18;08 a 12/06;An†lise de algoritmos: debugando a l¢gica do n£mero primo;5;33;Bugs de mem¢ria;;"Criar uma vari†vel para armazenar uma lista de n£meros divis°veis.
 Concatenar strings e vari†veis para exibir informaá‰es detalhadas.
 Reinicializar vari†veis para garantir a correta execuá∆o do algoritmo.";"Concatenaá∆o de strings.
 Armazenamento de listas (impl°cito em ""n£meros divis°veis"" como string).
 Inicializaá∆o de vari†veis.";n/a;(EF07C002);(EF07C002) Analisar programas para detectar e remover erros, ampliando a confianáa na sua correá∆o.;;
;;;;;;6;34;Teste de mesa;;"Aplicar a tÇcnica de teste de mesa para simular a execuá∆o de um algoritmo.
 Identificar e depurar erros l¢gicos em programas.
 Analisar o estado das vari†veis em cada passo da execuá∆o do c¢digo.";"Teste de mesa (desk checking).
 Depuraá∆o (debugging).
 An†lise de vari†veis.";n/a;(EF07C002);(EF07C002) Analisar programas para detectar e remover erros, ampliando a confianáa na sua correá∆o.;;
Anos Finais;7ß ano;2ß;19;15 a 19/06;;7;35;Organizando c¢digos;;"Organizar o c¢digo em blocos l¢gicos para melhorar a legibilidade.
 Criar e utilizar blocos personalizados para modularizar o programa.
 Decompor o problema em m¢dulos para facilitar a manutená∆o e depuraá∆o.";"Modularizaá∆o de c¢digo.
 Funá‰es/blocos personalizados.
 Organizaá∆o e legibilidade do c¢digo.";n/a;(EF07C002);(EF07C002) Analisar programas para detectar e remover erros, ampliando a confianáa na sua correá∆o.;;
;;;;;;8;36;Bugs de tempo;;"Otimizar a performance de algoritmos para n£meros grandes.
 Implementar uma parada antecipada na execuá∆o do script.
 Analisar o trade-off entre performance e a completude da informaá∆o exibida.";"Otimizaá∆o de algoritmos.
 Controle de fluxo (parar script).
 Eficiància computacional.";Sim;(EF07C002);(EF07C002) Analisar programas para detectar e remover erros, ampliando a confianáa na sua correá∆o.;;
Anos Finais;7ß ano;2ß;20;22 a 26/06;;x;37 e 38;"Avaliaá∆o das unidades: 
 
 An†lise de algoritmos: debugando a l¢gica do n£mero primo";;;;-;-;-;-;
Anos Finais;7ß ano;2ß;21;29/06 a 03/07;;x;39 e 40;Avaliaá∆o de recuperaá∆o do bimestre;;;;;;;;
Anos Finais;8ß ano;1ß;1;02 a 06/02;Introduá∆o Ö computaá∆o: explorando recursos de ediá∆o de texto;1;1;Conhecendo o explorador de arquivos;Material digital;"Identificar as partes b†sicas de navegaá∆o do computador (†rea de trabalho, barra de tarefas, configuraá‰es, etc).
 
 Entender o explorador de arquivos e suas pastas.
 
 Criar e nomear pastas na †rea de trabalho.";"Estrutura b†sica do computador.
 
 Tipos de arquivo.
 
 Organizaá∆o de arquivos e pastas.";n/a;(EF06CO08);(EF06CO08) Compreender e utilizar diferentes formas de armazenar, manipular, compactar e recuperar arquivos, documentos e metadados.;n/a;n/a
;;;;;;2;2;Iniciando o roteior dos sonhos;V°deo;"Abrir e salvar documentos no Google Docs. 
 Realizar pesquisas seguras na internet, checando fontes confi†veis
 Inserir textos simples (negrito, it†lico, sublinhado).";"Editores de texto (Docs) 
 Pesquisa segura na internet 
 Organizaá∆o b†sica de texto (par†grafo, t°tulo)";n/a;"(EF06CO09)
 (EF07CO11)";"(EF06CO09) Apresentar conduta e linguagem apropriadas ao se comunicar em ambiente digital, considerando a Çtica e o respeito. 
 (EF07CO11) Criar, documentar e publicar, de forma individual ou colaborativa, produtos (v°deos, podcasts, web sites) usando recursos de tecnologia.";n/a;n/a
Anos Finais;8ß ano;1ß;2;09 a 13/02;;3;3;Adicionando imagens e s°mbolos;V°deo;"Inserir imagens no documento, explorando seus direitos autorais
 Inserir s°mbolos e emojis para personalizar o texto. 
 Aprimorar o visual do documento, ajustando a disposiá∆o das imagens.";"Inserá∆o de imagens 
 S°mbolos e emojis 
 Layout e disposiá∆o de imagens";n/a;"(EF06CO09)
 (EF09CO09)";"(EF06CO09) Apresentar conduta e linguagem apropriadas ao se comunicar em ambiente digital, considerando a Çtica e o respeito.
 (EF09CO09) Criar ou utilizar conte£do em meio digital, compreendendo quest‰es Çticas relacionadas a direitos autorais e de uso de imagem.";n/a;n/a
;;;;;;4;4;Estilizando o texto;V°deo;"Aplicar formataá∆o de fonte, cor, tamanho e alinhamento.
 
 Utilizar estilos para t°tulos e subt°tulos.
 
 Usar atalhos de formataá∆o (Ctrl+B, Ctrl+I, Ctrl+U).";"Formataá∆o de fonte (cor, tamanho, tipo).
 
 Alinhamento de texto.
 
 Estilos de t°tulo e subt°tulo.";Sim;(EF07CO11);(EF07CO11) Criar, documentar e publicar, de forma individual ou colaborativa, produtos (v°deos, podcasts, web sites) usando recursos de tecnologia.;n/a;n/a
Anos Finais;8ß ano;1ß;3;16 a 20/02;Semana Carvanal (Feriados e Planejamento/Replanejamento);;;;;;;;;;;
Anos Finais;8ß ano;1ß;4;23 a 27/02;Introduá∆o Ö computaá∆o: explorando recursos de ediá∆o de texto;5;5;Comparando locais com tabelas;V°deo;"Criar e editar tabelas para organizar dados.
 
 Ajustar bordas, alinhamento e espaáamento em tabelas.
 
 Utilizar tabelas para comparar informaá‰es de forma estruturada.";"Criaá∆o e ediá∆o de tabelas.
 
 Formataá∆o de tabelas.
 
 Organizaá∆o de dados para an†lise e comparaá∆o.";n/a;(EF07CO11);(EF07CO11) Criar, documentar e publicar, de forma individual ou colaborativa, produtos (v°deos, podcasts, web sites) usando recursos de tecnologia.;n/a;n/a
;;;;;;6;6;Revis∆o ortogr†fica;V°deo;"Utilizar o corretor ortogr†fico e gramatical do Google Docs, refletindo sobre a sua precis∆o.
 
 Realizar leitura cr°tica e ajustes no texto.
 
 Usar atalhos para navegaá∆o r†pida no documento.";"Corretor ortogr†fico e gramatical.
 
 Revis∆o textual.
 
 Atalhos de navegaá∆o (Ctrl+Home, Ctrl+End, Ctrl+F).";n/a;(EF06CO09);(EF06CO09) Apresentar conduta e linguagem apropriadas ao se comunicar em ambiente digital, considerando a Çtica e o respeito.;n/a;n/a
Anos Finais;8ß ano;1ß;5;02 a 06/03;;7;7;Criando um menu de navegaá∆o;V°deo;"Utilizar estilos de t°tulo para gerar um sum†rio autom†tico.
 
 Atualizar o sum†rio ap¢s alteraá‰es no documento.
 
 Revisar a formataá∆o geral do documento para consistància.";"Sum†rio autom†tico.
 
 Estilos de t°tulo (cabeáalhos).
 
 Navegaá∆o estruturada em documentos.";n/a;(EF07CO11);(EF07CO11) Criar, documentar e publicar, de forma individual ou colaborativa, produtos (v°deos, podcasts, web sites) usando recursos de tecnologia.;n/a;n/a
;;;;;;8;8;Apresentando o projeto;Material digital;"Exportar o documento final como PDF.
 
 Organizar a apresentaá∆o do trabalho.
 
 Preparar uma apresentaá∆o oral do projeto.";"Exportaá∆o de documentos (PDF).
 
 TÇcnicas de apresentaá∆o oral.
 
 Organizaá∆o de projetos digitais.";Sim;(EF07CO11);(EF07CO11) Criar, documentar e publicar, de forma individual ou colaborativa, produtos (v°deos, podcasts, web sites) usando recursos de tecnologia.;n/a;n/a
Anos Finais;8ß ano;1ß;6;09 a 13/03;;x;9 e 10;"Avaliaá∆o da unidade: 
 
 - Introduá∆o Ö computaá∆o: explorando recursos de ediá∆o de texto";;;;-;-;-;-;
Anos Finais;8ß ano;1ß;7;16 a 20/03;L¢gica de programaá∆o: jogos, arte e criatividade pt 1;1;11;Pega pega;Video;"Relembrar quais s∆o as regras do pega pega
 Compreender como se movimenta um personagem com o ponteiro do mouse
 Localizar personagens e cen†rios no startlab";"Personagens e cen†rios
 Movimentar personagens com o modo seguindo o ponteiro do mouse e com deslize por 1 segundo. 
 Aplicar laáo de repetiá∆o (sempre)";n/a;(EF07CO02);(EF07CO02) Analisar programas para detectar e remover erros, ampliando a confianáa na sua correá∆o.;(EF08MA18);(EF08MA18) Reconhecer e construir figuras obtidas por composiá‰es de transformaá‰es geomÇtricas (translaá∆o, reflex∆o e rotaá∆o), com o uso de instrumentos de desenho ou de softwares de geometria dinÉmica.
;;;;;;2;12;Correr ou deslizar?;Video;"Compreender o uso do bloco mova passos e aplic†-lo para controlar o movimento de personagens
 Identificar diferenáas entre os blocos de movimento
 Entender a importÉncia do critÇrio de parada em algoritmos e sua aplicaá∆o pr†tica.";"Utilizar blocos de movimento
 Criar critÇrio de parada
 Aplicar estrutura condicional (se ent∆o)";n/a;(EF08CO04);(EF08CO04) Construir soluá‰es computacionais de problemas de diferentes †reas do conhecimento, de forma individual e colaborativa, selecionando as estruturas de dados e tÇcnicas adequadas, aperfeiáoando e articulando saberes escolares.;(EF08MA18);(EF08MA18) Reconhecer e construir figuras obtidas por composiá‰es de transformaá‰es geomÇtricas (translaá∆o, reflex∆o e rotaá∆o), com o uso de instrumentos de desenho ou de softwares de geometria dinÉmica.
Anos Finais;8ß ano;1ß;8;23 a 27/03;;3;13;Quem Ç mais r†p°do?;Video;"Localizar os blocos de controle no ambiente do StartLab
 Compreender que as vari†veis podem aumentar ou diminuir um valor
 Experimentar diferentes valores de incrimento em uma vari†vel";"Criaá∆o de vari†vel
 Aplicar de incremento † vari†vel
 Criar condiá∆o inicial";n/a;(EF08CO04);(EF08CO04) Construir soluá‰es computacionais de problemas de diferentes †reas do conhecimento, de forma individual e colaborativa, selecionando as estruturas de dados e tÇcnicas adequadas, aperfeiáoando e articulando saberes escolares.;(EF08MA18);(EF08MA18) Reconhecer e construir figuras obtidas por composiá‰es de transformaá‰es geomÇtricas (translaá∆o, reflex∆o e rotaá∆o), com o uso de instrumentos de desenho ou de softwares de geometria dinÉmica.
;;;;;;4;14;Pega pega e esconde esconde;Video;"Implementar a funcionalidade de esconder e mostrar personagens em um jogo.
 Depurar erros l¢gicos relacionados ao controle de visibilidade de atores.
 Assegurar o estado inicial correto dos elementos de um jogo.";"Eventos em programaá∆o.
 Controle de aparància de atores.
 Depuraá∆o de c¢digo.";Sim;(EF08CO04);(EF08CO04) Construir soluá‰es computacionais de problemas de diferentes †reas do conhecimento, de forma individual e colaborativa, selecionando as estruturas de dados e tÇcnicas adequadas, aperfeiáoando e articulando saberes escolares.;(EF08MA18);(EF08MA18) Reconhecer e construir figuras obtidas por composiá‰es de transformaá‰es geomÇtricas (translaá∆o, reflex∆o e rotaá∆o), com o uso de instrumentos de desenho ou de softwares de geometria dinÉmica.
Anos Finais;8ß ano;1ß;9;30/03 a 02/04;;x;15 e 16;Semana para nivelamento;;;;;-;-;-;-
Anos Finais;8ß ano;1ß;10;06 a 10/04;;x;17 e 18;"Avaliaá∆o das unidades: 
 
 - L¢gica de programaá∆o: jogos, arte e criatividade pt 1";;;;-;-;-;-;
Anos Finais;8ß ano;1ß;11;13 a 17/04;;x;19 e 20;Recuperaá∆o do bimestre;;;;;;;;
Anos Finais;8ß ano;2ß;12;22 a 30/04;L¢gica de programaá∆o: jogos, arte e criatividade pt 2;1;21;Desenho com caneta;;"Localizar e aplicar a extens∆o da caneta no ambiente do StartLab
 Compreender as funcionalidades da extens∆o da caneta
 Modificar o tamanho de um personagem no startlab";"Aplicar extens∆o da caneta
 Utilizar cores e tamanhos da caneta
 Selecionar tamanho do ator";n/a;(EF07CO02);(EF07CO02) Analisar programas para detectar e remover erros, ampliando a confianáa na sua correá∆o.;(EF08MA18);(EF08MA18) Reconhecer e construir figuras obtidas por composiá‰es de transformaá‰es geomÇtricas (translaá∆o, reflex∆o e rotaá∆o), com o uso de instrumentos de desenho ou de softwares de geometria dinÉmica.
;;;;;;2;22;Caneta simÇtrica;;"Reconhecer que a tela do startlab Ç uma representaá∆o do plano cartesiano
 Reconhecer padr‰es de c¢digo para reutilizar trechos do c¢digo
 Aplicar efeitos de aparància para melhorar a usabilidade do programa";"Duplicar atores e c¢digos
 Aplicar operadores matem†ticos
 Compreender plano cartesiano do StartLab";n/a;"(EF07CO02)
 (EF08CO04";"(EF07CO02) Analisar programas para detectar e remover erros, ampliando a confianáa na sua correá∆o.
 (EF08CO04) Construir soluá‰es computacionais de problemas de diferentes †reas do conhecimento, de forma individual e colaborativa, selecionando as estruturas de dados e tÇcnicas adequadas, aperfeiáoando e articulando saberes escolares.";(EF08MA18);(EF08MA18) Reconhecer e construir figuras obtidas por composiá‰es de transformaá‰es geomÇtricas (translaá∆o, reflex∆o e rotaá∆o), com o uso de instrumentos de desenho ou de softwares de geometria dinÉmica.
Anos Finais;8ß ano;2ß;13;04 a 08/05;;3;23;Mais canetas;;"Manipular coordenadas x e y do plano carteasiano 
 Reconhecer padr‰es de c¢digo para reutilizar trechos do c¢digo
 Identificar trechos do c¢digo que alteram a simetria";"Duplicar atores e c¢digos
 Aplicar operadores matem†ticos
 Compreender plano cartesiano do StartLab";n/a;(EF08CO04;(EF08CO04) Construir soluá‰es computacionais de problemas de diferentes †reas do conhecimento, de forma individual e colaborativa, selecionando as estruturas de dados e tÇcnicas adequadas, aperfeiáoando e articulando saberes escolares.;(EF08MA18);(EF08MA18) Reconhecer e construir figuras obtidas por composiá‰es de transformaá‰es geomÇtricas (translaá∆o, reflex∆o e rotaá∆o), com o uso de instrumentos de desenho ou de softwares de geometria dinÉmica.
;;;;;;4;24;Levanta a caneta;;"Modificar a visualizaá∆o de personagens no startlab
 Diferenciar o critÇrio se do critÇrio sen∆o 
 Compreender as diferenáas entre levantar e usar a caneta";"Aplicar recursos da extens∆o da caneta
 Reutilizar c¢digos reconhecendo padr‰es
 Localizar os blocos de controle no ambiente do Startlab";n/a;(EF08CO04;(EF08CO04) Construir soluá‰es computacionais de problemas de diferentes †reas do conhecimento, de forma individual e colaborativa, selecionando as estruturas de dados e tÇcnicas adequadas, aperfeiáoando e articulando saberes escolares.;(EF08MA18);(EF08MA18) Reconhecer e construir figuras obtidas por composiá‰es de transformaá‰es geomÇtricas (translaá∆o, reflex∆o e rotaá∆o), com o uso de instrumentos de desenho ou de softwares de geometria dinÉmica.
Anos Finais;8ß ano;2ß;14;11 a 15/05;;x;25 e 26;"Avaliaá∆o da unidade: 
 
 - L¢gica de programaá∆o: jogos, arte e criatividade pt 2";;;;-;-;-;-;
Anos Finais;8ß ano;2ß;15;18 a 22/05;Recurs∆o: desenhando padr‰es que se repetem;1;27;Contagem regressiva;;"Criar uma contagem regressiva utilizando l¢gica de programaá∆o.
 Adicionar e configurar cen†rios e atores para uma narrativa interativa.
 Diferenciar laáos de repetiá∆o em algoritmos.";"Contagem regressiva.
 Configuraá∆o de cen†rios e atores.
 Blocos de repetiá∆o (sempre e repita).";n/a;(EF08CO04);(EF08CO04) Construir soluá‰es computacionais de problemas de diferentes †reas do conhecimento, de forma individual e colaborativa, selecionando as estruturas de dados e tÇcnicas adequadas, aperfeiáoando e articulando saberes escolares.;(EF08MA01);(EF08MA01) Efetuar c†lculos com potàncias de expoentes inteiros e aplicar esse conhecimento na representaá∆o de n£meros em notaá∆o cient°fica.
;;;;;;2;28;Comunicaá∆o dos atores;;"Fazer atores se comunicarem usando transmiss∆o de mensagens.
 Automatizar a contagem regressiva com laáos de repetiá∆o.
 Utilizar vari†veis para armazenar e alterar valores dinamicamente.";"Transmiss∆o de mensagem.
 Laáo de repetiá∆o (bloco Repita).
 Vari†veis.";n/a;(EF08CO04);(EF08CO04) Construir soluá‰es computacionais de problemas de diferentes †reas do conhecimento, de forma individual e colaborativa, selecionando as estruturas de dados e tÇcnicas adequadas, aperfeiáoando e articulando saberes escolares.;(EF08MA01);(EF08MA01) Efetuar c†lculos com potàncias de expoentes inteiros e aplicar esse conhecimento na representaá∆o de n£meros em notaá∆o cient°fica.
Anos Finais;8ß ano;2ß;16;25 a 29/05;;3;29;Iteraá∆o x Recurs∆o;;"Comparar os mÇtodos iterativo e recursivo para resolver problemas.
 Aplicar a recurs∆o na criaá∆o de uma contagem regressiva.
 Criar funá‰es personalizadas com critÇrios de parada.";"MÇtodo iterativo.
 MÇtodo recursivo.
 CritÇrio de parada.";n/a;(EF08CO01);(EF08CO01) Construir soluá‰es de problemas usando a tÇcnica de recurs∆o e automatizar tais soluá‰es usando uma linguagem de programaá∆o.;(EF08MA01);(EF08MA01) Efetuar c†lculos com potàncias de expoentes inteiros e aplicar esse conhecimento na representaá∆o de n£meros em notaá∆o cient°fica.
;;;;;;4;30;Recurs∆o no dia a dia;;"Resolver problemas matem†ticos utilizando algoritmos recursivos.
 Utilizar recurs∆o com m£ltiplos parÉmetros em funá‰es.
 Analisar o fluxo de execuá∆o de uma funá∆o recursiva.";"Recurs∆o com m£ltiplos parÉmetros.
 CritÇrio de parada.
 Operaá∆o de multiplicaá∆o em recurs∆o.";Sim;(EF08CO01);(EF08CO01) Construir soluá‰es de problemas usando a tÇcnica de recurs∆o e automatizar tais soluá‰es usando uma linguagem de programaá∆o.;(EF08MA01);(EF08MA01) Efetuar c†lculos com potàncias de expoentes inteiros e aplicar esse conhecimento na representaá∆o de n£meros em notaá∆o cient°fica.
Anos Finais;8ß ano;2ß;17;01 a 03/06;;x;31 e 32;Semana para nivelamento;;;;;-;-;-;-
Anos Finais;8ß ano;2ß;18;08 a 12/06;Recurs∆o: desenhando padr‰es que se repetem;5;33;Arte generativa;;"Criar arte generativa utilizando programaá∆o e eventos.
 Utilizar a extens∆o da caneta para desenhar formas geomÇtricas.
 Coordenar a comunicaá∆o entre palco e ator para aá‰es de desenho.";"Arte generativa.
 Eventos (clique no palco).
 Extens∆o da caneta.";n/a;(EF08CO04);(EF08CO04) Construir soluá‰es computacionais de problemas de diferentes †reas do conhecimento, de forma individual e colaborativa, selecionando as estruturas de dados e tÇcnicas adequadas, aperfeiáoando e articulando saberes escolares.;(EF08MA01);(EF08MA01) Efetuar c†lculos com potàncias de expoentes inteiros e aplicar esse conhecimento na representaá∆o de n£meros em notaá∆o cient°fica.
;;;;;;6;34;Desenhos recursivos;;"Transformar desenhos baseados em laáos de repetiá∆o em c¢digo recursivo.
 Implementar funá‰es recursivas com um £nico parÉmetro de entrada.
 Definir e aplicar critÇrios de parada para evitar loops infinitos.";"Recurs∆o para desenhos.
 CritÇrio de parada em recurs∆o.
 Decremento de parÉmetros.";n/a;(EF08CO01);(EF08CO01) Construir soluá‰es de problemas usando a tÇcnica de recurs∆o e automatizar tais soluá‰es usando uma linguagem de programaá∆o.;(EF08MA01);(EF08MA01) Efetuar c†lculos com potàncias de expoentes inteiros e aplicar esse conhecimento na representaá∆o de n£meros em notaá∆o cient°fica.
Anos Finais;8ß ano;2ß;19;15 a 19/06;;7;35;Constelaá‰es dinÉmicas;;"Criar desenhos recursivos variados utilizando m£ltiplos parÉmetros.
 Aplicar n£meros aleat¢rios para gerar padr‰es visuais £nicos.
 Controlar a distÉncia e direá∆o dos desenhos com parÉmetros.";"Recurs∆o com m£ltiplos parÉmetros.
 N£meros aleat¢rios.
 CritÇrio de parada.";n/a;(EF08CO01);(EF08CO01) Construir soluá‰es de problemas usando a tÇcnica de recurs∆o e automatizar tais soluá‰es usando uma linguagem de programaá∆o.;(EF08MA01);(EF08MA01) Efetuar c†lculos com potàncias de expoentes inteiros e aplicar esse conhecimento na representaá∆o de n£meros em notaá∆o cient°fica.
;;;;;;8;36;Criando padr‰es naturais;;"Recriar padr‰es naturais, como a flor de girassol, usando recurs∆o.
 Aplicar o conceito do Éngulo dourado (137,5¯) em desenhos generativos.
 Compreender a relaá∆o entre a sequància de Fibonacci e padr‰es naturais.";"Recurs∆o em padr‰es naturais.
 ∂ngulo dourado (137,5¯).
 Sequància de Fibonacci.";Sim;(EF08CO01);(EF08CO01) Construir soluá‰es de problemas usando a tÇcnica de recurs∆o e automatizar tais soluá‰es usando uma linguagem de programaá∆o.;(EF08MA01);(EF08MA01) Efetuar c†lculos com potàncias de expoentes inteiros e aplicar esse conhecimento na representaá∆o de n£meros em notaá∆o cient°fica.
Anos Finais;8ß ano;2ß;20;22 a 26/06;;x;37 e 38;"Avaliaá∆o da unidade: 
 
 - Recurs∆o: desenhando padr‰es que se repetem";;;;-;-;-;-;
Anos Finais;8ß ano;2ß;21;29/06 a 03/07;;x;39 e 40;Avaliaá∆o de recuperaá∆o do bimestre;;;;;;;;
Anos Finais;9ß ano;1ß;1;02 a 06/02;Redes sociais: conte£do que se conecta com algoritmos;1;1;Introduá∆o Ös Redes Sociais;Material digital;"Analisar o cen†rio de uso da internet e redes sociais no Brasil.
 Identificar as diferentes intencionalidades e comportamentos dos usu†rios em redes sociais.
 Distinguir as caracter°sticas e usos de diversas plataformas de redes sociais.";"Uso da Internet e Redes Sociais no Brasil.
 Intencionalidade e Comportamento do Usu†rio.
 Diversidade de Plataformas e Formatos de Conte£do.";n/a;"(EF09CO09)
 (EF09C010)";"(EF09CO09) Criar ou utilizar conte£do em meio digital, compreendendo quest‰es Çticas relacionadas a direitos autorais e de uso de imagem. 
 (EF09C010) Avaliar a veracidade, credibilidade e relevÉncia da informaá∆o em seus diferentes formatos, sendo capaz de identificar o prop¢sito pelo qual foi disseminada.""";n/a;n/a
;;;;;;2;2;Algoritmo das redes sociais;V°deo;"Explicar o conceito de algoritmo no contexto das redes sociais.
 Analisar os fatores que influenciam a entrega de conte£do pelos algoritmos.
 Identificar estratÇgias para criar conte£do com potencial de viralizaá∆o.";"Algoritmos de Redes Sociais.
 Interesse, Engajamento e RelevÉncia.
 Criaá∆o e Consumo de Conte£do Digital.";n/a;"(EF09CO09)
 (EF09C010)";"(EF09CO09) Criar ou utilizar conte£do em meio digital, compreendendo quest‰es Çticas relacionadas a direitos autorais e de uso de imagem. 
 (EF09C010) Avaliar a veracidade, credibilidade e relevÉncia da informaá∆o em seus diferentes formatos, sendo capaz de identificar o prop¢sito pelo qual foi disseminada.""";n/a;n/a
Anos Finais;9ß ano;1ß;2;09 a 13/02;;3;3;Primeira postagem no canva;Material digital;"Utilizar o Canva para criar designs de postagens para redes sociais.
 Selecionar e estilizar textos, aplicando diferentes fontes e efeitos.
 Personalizar o fundo das postagens com cores e gradientes.";"Introduá∆o ao Canva.
 Ediá∆o de Texto e Fontes.
 Personalizaá∆o de Backgrounds.";n/a;"(EF09CO09)
 (EF09C010)";"(EF09CO09) Criar ou utilizar conte£do em meio digital, compreendendo quest‰es Çticas relacionadas a direitos autorais e de uso de imagem. 
 (EF09C010) Avaliar a veracidade, credibilidade e relevÉncia da informaá∆o em seus diferentes formatos, sendo capaz de identificar o prop¢sito pelo qual foi disseminada.""";n/a;n/a
;;;;;;4;4;Animando textos;V°deo;"Aplicar efeitos de animaá∆o a textos em postagens no Canva.
 Gerenciar camadas e a linha do tempo para sincronizar elementos visuais.
 Ajustar a duraá∆o e o posicionamento de elementos animados.";"Animaá∆o de Texto no Canva.
 Ediá∆o de V°deo e Camadas.
 Sincronizaá∆o de Elementos Visuais.";Sim;"(EF09CO09)
 (EF09C010)";"(EF09CO09) Criar ou utilizar conte£do em meio digital, compreendendo quest‰es Çticas relacionadas a direitos autorais e de uso de imagem. 
 (EF09C010) Avaliar a veracidade, credibilidade e relevÉncia da informaá∆o em seus diferentes formatos, sendo capaz de identificar o prop¢sito pelo qual foi disseminada.""";n/a;n/a
Anos Finais;9ß ano;1ß;3;16 a 20/02;Semana Carvanal (Feriados e Planejamento/Replanejamento);;;;;;;;;;;
Anos Finais;9ß ano;1ß;4;23 a 27/02;Redes sociais: conte£do que se conecta com algoritmos;5;5;Elementos visuais no canva;V°deo;"Buscar e inserir elementos gr†ficos e imagens no Canva.
 Diferenciar imagens com e sem direitos autorais, utilizando licenáas Creative Commons.
 Aplicar molduras para integrar elementos visuais de forma criativa.";"Busca e Inserá∆o de Elementos Gr†ficos.
 Direitos Autorais e Licenáas Creative Commons.
 Uso de Molduras e Upload de M°dias.";n/a;"(EF09CO09)
 (EF09C010)";"(EF09CO09) Criar ou utilizar conte£do em meio digital, compreendendo quest‰es Çticas relacionadas a direitos autorais e de uso de imagem. 
 (EF09C010) Avaliar a veracidade, credibilidade e relevÉncia da informaá∆o em seus diferentes formatos, sendo capaz de identificar o prop¢sito pelo qual foi disseminada.""";n/a;n/a
;;;;;;6;6;Efeitos e camadas;V°deo;"Criar efeitos visuais complexos, como uma barra de busca digitando.
 Gerenciar a ordem das camadas para sobrepor e organizar elementos.
 Sincronizar m£ltiplas animaá‰es e elementos para um resultado coeso.";"Criaá∆o de Efeitos de Digitaá∆o.
 Gerenciamento Avanáado de Camadas.
 Sincronizaá∆o de Animaá‰es M£ltiplas.";n/a;"(EF09CO09)
 (EF09C010)";"(EF09CO09) Criar ou utilizar conte£do em meio digital, compreendendo quest‰es Çticas relacionadas a direitos autorais e de uso de imagem. 
 (EF09C010) Avaliar a veracidade, credibilidade e relevÉncia da informaá∆o em seus diferentes formatos, sendo capaz de identificar o prop¢sito pelo qual foi disseminada.""";n/a;n/a
Anos Finais;9ß ano;1ß;5;02 a 06/03;;7;7;Efeitos sonoros;Video;"Incorporar efeitos sonoros, como teclado e clique de mouse, ao projeto.
 Sincronizar os †udios com as animaá‰es visuais na linha do tempo.
 Explorar recursos de †udio adicionais no Canva para enriquecer o projeto.";"Inserá∆o de Efeitos Sonoros.
 Sincronizaá∆o de µudio e V°deo.
 Exploraá∆o de Recursos de µudio do Canva.";n/a;"(EF09CO09)
 (EF09C010)";"(EF09CO09) Criar ou utilizar conte£do em meio digital, compreendendo quest‰es Çticas relacionadas a direitos autorais e de uso de imagem. 
 (EF09C010) Avaliar a veracidade, credibilidade e relevÉncia da informaá∆o em seus diferentes formatos, sendo capaz de identificar o prop¢sito pelo qual foi disseminada.""";n/a;n/a
;;;;;;8;8;Compartilhando o post;Material digital;"Elaborar legendas e hashtags eficazes para postagens em redes sociais.
 Configurar as opá‰es de compartilhamento e acesso do projeto no Canva.
 Exportar o projeto final em formato de v°deo para publicaá∆o.";"Criaá∆o de Legendas e Hashtags.
 Opá‰es de Compartilhamento no Canva.
 Exportaá∆o de Projetos para Redes Sociais.";Sim;"(EF09CO09)
 (EF09C010)";"(EF09CO09) Criar ou utilizar conte£do em meio digital, compreendendo quest‰es Çticas relacionadas a direitos autorais e de uso de imagem. 
 (EF09C010) Avaliar a veracidade, credibilidade e relevÉncia da informaá∆o em seus diferentes formatos, sendo capaz de identificar o prop¢sito pelo qual foi disseminada.""";n/a;n/a
Anos Finais;9ß ano;1ß;6;09 a 13/03;;x;9 e 10;"Avaliaá∆o da unidade: 
 
 - Redes sociais: conte£do que se conecta com algoritmos";;;;-;-;-;-;
Anos Finais;9ß ano;1ß;7;16 a 20/03;Educaá∆o Midi†tica: o poder da informaá∆o pt 1;1;11;Desvendando fake news;Material digital;"Analisar postagens para avaliar sua confiabilidade.
 
 Aplicar o uso de uma tabela de an†lise para classificar postagens como verdadeiras, falsas ou duvidosas.
 
 Refletir como curtidas, coment†rios e compartilhamentos influenciam a visibilidade de um conte£do nas redes sociais.";"Compartilhamento de informaá‰es na internet.
 
 CritÇrios de avaliaá∆o de confiabilidade.
 
 Responsabilidade e Çtica no uso da internet.";n/a;(EF08CO07);(EF08CO07) Compartilhar informaá‰es por meio de redes sociais, compreendendo a sua dinÉmica de funcionamento, de forma respons†vel e avaliando sua confiabilidade, considerando o respeito e a Çtica.;;
;;;;;;2;12;Criando postagens confi†veis;Material digital;"Compreender o impacto das redes sociais no comportamento social e na forma como as informaá‰es s∆o compartilhadas.
 
 Criar um post informativo para redes sociais, considerando fontes confi†veis e uma apresentaá∆o clara. 
 
 Avaliar a confiabilidade de informaá‰es pesquisadas na internet para a criaá∆o de conte£do.";"Criaá∆o de conte£do respons†vel.
 
 Verificaá∆o de informaá‰es.
 
 Responsabilidade e Çtica no uso da internet.";n/a;(EF08CO07);(EF08CO07) Compartilhar informaá‰es por meio de redes sociais, compreendendo a sua dinÉmica de funcionamento, de forma respons†vel e avaliando sua confiabilidade, considerando o respeito e a Çtica.;;
Anos Finais;9ß ano;1ß;8;23 a 27/03;;3;13;Protegendo seus dados;Material digital;"Identificar os tipos de dados pessoais solicitados em formul†rios online.
 
 Reconhecer os riscos no compartilhamento de dados.
 
 Compreender a importÉncia de proteger dados em ambientes digitais.";"Tipos de dados.
 
 Riscos no compartilhamento de dados.
 
 Privacidade e seguranáa online.";n/a;(EF08CO08);(EF08CO08) Distinguir os tipos de dados pessoais que s∆o solicitados em espaáos digitais e os riscos associados.;;
;;;;;;4;14;Entendendo os algoritmos;V°deo;"Compreender o funcionamento dos algoritmos nas redes sociais.
 
 Analisar como os dados comportamentais influenciam a personalizaá∆o do conte£do exibido.
 
 Compreender o impacto dos algoritmos na experiància do usu†rio nas redes sociais.";"Algoritmos nas redes sociais.
 
 Perfis comportamentais.
 
 Impacto dos dados comportamentais.";Sim;(EF08CO07);(EF08CO07) Compartilhar informaá‰es por meio de redes sociais, compreendendo a sua dinÉmica de funcionamento, de forma respons†vel e avaliando sua confiabilidade, considerando o respeito e a Çtica.;;
Anos Finais;9ß ano;1ß;9;30/03 a 02/04;;x;15 e 16;Semana para nivelamento;;;;;-;-;-;-
Anos Finais;9ß ano;1ß;10;06 a 10/04;;x;17 e 18;"Avaliaá∆o da unidade: 
 
 - Educaá∆o Midi†tica: o poder da informaá∆o pt 1";;;;-;-;-;-;
Anos Finais;9ß ano;1ß;11;13 a 17/04;;x;19 e 20;Recuperaá∆o do bimestre;;;;;;;;
Anos Finais;9ß ano;2ß;12;22 a 30/04;Educaá∆o Midi†tica: o poder da informaá∆o pt 2;1;21;Desvendando termos de uso;;"""Analisar os termos de uso das plataformas digitais e redes sociais. ""
 ""Compreender os direitos e deveres do usu†rio nos termos de uso. ""
 ""Avaliar as consequàncias de aceitar termos de uso sem a devida leitura. """;"Termos de Uso e Pol°tica de Privacidade
 Consequàncias dos termos de uso
 An†lise cr°tica de termos de uso";n/a;(EF08CO09);(EF08CO09) Analisar criticamente as pol°ticas de termos de uso das redes sociais e demais plataformas.;;
;;;;;;2;22;Hora da seguranáa digital;;"""Identificar cl†usulas nos termos de uso que envolvem dados pessoais e uso comercial de conte£do. ""
 Discutir os direitos do usu†rio e as consequàncias de compartilhar dados pessoais.
 Refletir sobre os riscos associados Ö aceitaá∆o de termos sem entender as implicaá‰es";"Direitos do usu†rio nos termos de uso.
 Termos de Uso e Pol°tica de Privacidade
 An†lise cr°tica de termos de uso";n/a;(EF08CO09);(EF08CO09) Analisar criticamente as pol°ticas de termos de uso das redes sociais e demais plataformas.;;
Anos Finais;9ß ano;2ß;13;04 a 08/05;;3;23;Impacto de tecnologias no cotidiano;;"Refletir sobre como o uso de dispositivos digitais afeta nossos valores pessoais e h†bitos di†rios. 
 Avaliar o impacto do tempo de tela na sa£de mental e no bem-estar
 Organizar, de forma estruturada, argumentos sobre o uso consciente de dispositivos digitais, buscando propor alternativas pr†ticas.";"Reflex∆o sobre valores e h†bitos digitais
 Pesquisa de informaá‰es 
 Estruturaá∆o de argumentaá∆o";n/a;(EF08CO07);(EF08CO07) Compartilhar informaá‰es por meio de redes sociais, compreendendo a sua dinÉmica de funcionamento, de forma respons†vel e avaliando sua confiabilidade, considerando o respeito e a Çtica.;;
;;;;;;4;24;Hora do debate;;"Compreender as diferentes perspectivas sobre o impacto das tecnologias digitais na vida cotidiana.
 Desenvolver argumentos s¢lidos e bem pesquisados sobre os pr¢s ou contras do uso de dispositivos digitais
 Propor soluá‰es pr†ticas para minimizar os efeitos negativos do uso excessivo de tecnologia.";"Estruturaá∆o do debate
 Propostas de conscientizaá∆o
 Argumentaá∆o";Sim;(EF08CO10);(EF08CO10)Discutir quest‰es sobre seguranáa e privacidade relacionadas ao uso dos ambientes virtuais.;;
Anos Finais;9ß ano;2ß;14;11 a 15/05;;x;25 e 26;"Avaliaá∆o da unidade: 
 
 - Educaá∆o Midi†tica: o poder da informaá∆o pt 2";;;;-;-;-;-;
Anos Finais;9ß ano;2ß;15;18 a 22/05;O uso da IA para compreender e transformar realidades sociais;1;27;Mapeando problemas;;"Identificar problemas sociais reais observados e vividos na comunidade.
 Categorizar os problemas identificados em diferentes †reas tem†ticas.
 Organizar os registros iniciais dos problemas em pastas digitais colaborativas.";"Identificaá∆o de problemas sociais.
 Categorizaá∆o de problemas urbanos.
 Organizaá∆o de informaá‰es em ambientes digitais.";n/a;(EF09CO06);(EF09CO06) Analisar problemas sociais de sua cidade e estado a partir de ambientes digitais, propondo soluá‰es.;;
;;;;;;2;28;In°cio da investigaá∆o;;"Definir o problema social escolhido, identificando quem Ç afetado e suas causas.
 Buscar dados e informaá‰es em fontes confi†veis para embasar a an†lise do problema.
 Avaliar a confiabilidade e a atualidade das fontes selecionadas para o dossià.";"Definiá∆o e contextualizaá∆o de problemas.
 Busca e seleá∆o de fontes de dados confi†veis.
 Registro e organizaá∆o de dados coletados.";n/a;(EF09CO06);(EF09CO06) Analisar problemas sociais de sua cidade e estado a partir de ambientes digitais, propondo soluá‰es.;;
Anos Finais;9ß ano;2ß;16;25 a 29/05;;3;29;Fontes, narrativas e viÇses;;"Compreender como um problema social Ç narrado de diferentes formas em ambientes digitais.
 Comparar dados e narrativas de diversas fontes, identificando vieses e focos distintos.
 Analisar o impacto do viÇs na interpretaá∆o e construá∆o de soluá‰es para problemas sociais.";"Conceituaá∆o de viÇs em narrativas digitais.
 An†lise comparativa de fontes de informaá∆o.
 Impacto do viÇs na compreens∆o de problemas sociais.";n/a;(EF09CO06);(EF09CO06) Analisar problemas sociais de sua cidade e estado a partir de ambientes digitais, propondo soluá‰es.;;
;;;;;;4;30;An†lise de dados com IA;;"Utilizar ferramentas de IA para organizar e categorizar dados coletados.
 Identificar padr‰es, categorias e lacunas nos dados com o aux°lio da IA.
 Verificar e corrigir poss°veis erros, generalizaá‰es ou vieses gerados pela IA.";"Uso de Inteligància Artificial para organizaá∆o de dados.
 Identificaá∆o de padr‰es e lacunas em conjuntos de dados.
 Verificaá∆o e correá∆o de vieses e erros da IA.";Sim;(EF09CO06);(EF09CO06) Analisar problemas sociais de sua cidade e estado a partir de ambientes digitais, propondo soluá‰es.;;
Anos Finais;9ß ano;2ß;17;01 a 03/06;;x;31 e 32;Semana para nivelamento;;;;;-;-;-;-
Anos Finais;9ß ano;2ß;18;08 a 12/06;O uso da IA para compreender e transformar realidades sociais;5;33;Do problema Ö soluá∆o;;"Propor soluá‰es para problemas sociais, fundamentadas nos dados analisados.
 Justificar a relevÉncia e o impacto social das soluá‰es desenvolvidas.
 Utilizar a IA como ferramenta de apoio, mantendo o senso cr°tico na formulaá∆o de soluá‰es.";"Desenvolvimento de soluá‰es baseadas em dados.
 Justificativa e impacto social das soluá‰es propostas.
 Uso da IA como apoio cr°tico na formulaá∆o de soluá‰es.";n/a;(EF09CO08);(EF09CO08) Discutir como a distribuiá∆o desigual de recursos de computaá∆o em uma economia global levanta quest‰es de equidade, acesso e poder.;;
;;;;;;6;34;Desigualdade Digital;;"Analisar como a desigualdade digital afeta a efic†cia das soluá‰es propostas.
 Pesquisar dados sobre cobertura de internet e alfabetizaá∆o digital na regi∆o do problema.
 Adaptar as soluá‰es para garantir sua funcionalidade com e sem acesso digital.";"An†lise da desigualdade digital e seu impacto em soluá‰es.
 Avaliaá∆o da acessibilidade de soluá‰es tecnol¢gicas.
 Adaptaá∆o de soluá‰es para diferentes n°veis de acesso digital.";n/a;(EF09CO08);(EF09CO08) Discutir como a distribuiá∆o desigual de recursos de computaá∆o em uma economia global levanta quest‰es de equidade, acesso e poder.;;
Anos Finais;9ß ano;2ß;19;15 a 19/06;;7;35;Criando a apresentaá∆o;;"Criar conte£do digital visualmente atraente para apresentar a soluá∆o desenvolvida.
 Aplicar boas pr†ticas de direitos autorais, utilizando recursos como Creative Commons.
 Utilizar ferramentas de IA para otimizar a criaá∆o de materiais de apresentaá∆o.";"Criaá∆o de conte£do digital para apresentaá∆o de soluá‰es.
 Boas pr†ticas de uso de imagens e direitos autorais (Creative Commons).
 Utilizaá∆o de ferramentas de IA para auxiliar na criaá∆o de apresentaá‰es.";n/a;(EF09CO09);(EF09CO09) Criar ou utilizar conte£do em meio digital, compreendendo quest‰es Çticas relacionadas a direitos autorais e de uso de imagem;;
;;;;;;8;36;Apresentar, avaliar e refletir;;"Apresentar a soluá∆o desenvolvida para um problema social de forma clara e concisa.
 Participar ativamente da avaliaá∆o e do feedback construtivo dos projetos dos colegas.
 Refletir sobre as aprendizagens e desafios enfrentados durante a construá∆o do dossià.";"Apresentaá∆o de projetos e soluá‰es para a turma.
 Avaliaá∆o e feedback construtivo entre pares.
 Reflex∆o sobre o processo de desenvolvimento do dossià.";Sim;(EF09CO06);(EF09CO06) Analisar problemas sociais de sua cidade e estado a partir de ambientes digitais, propondo soluá‰es.;;
Anos Finais;9ß ano;2ß;20;22 a 26/06;;x;37 e 38;"Avaliaá∆o da unidade: 
 
 - O uso da IA para compreender e transformar realidades sociais";;;;-;-;-;-;
Anos Finais;9ß ano;2ß;21;29/06 a 03/07;;x;39 e 40;Recuperaá∆o do bimestre;;;;;;;;
;;;;;;;;;;;;;;;;
;;;;;;;;;;;;;;;;
;;;;;;;;;;;;;;;;
;;;;;;;;;;;;;;;;
;;;;;;;;;;;;;;;;
;;;;;;;;;;;;;;;;
;;;;;;;;;;;;;;;;
;;;;;;;;;;;;;;;;
;;;;;;;;;;;;;;;;
;;;;;;;;;;;;;;;;
;;;;;;;;;;;;;;;;
;;;;;;;;;;;;;;;;
;;;;;;;;;;;;;;;;
;;;;;;;;;;;;;;;;
;;;;;;;;;;;;;;;;
;;;;;;;;;;;;;;;;
;;;;;;;;;;;;;;;;
;;;;;;;;;;;;;;;;
;;;;;;;;;;;;;;;;
;;;;;;;;;;;;;;;;
;;;;;;;;;;;;;;;;
;;;;;;;;;;;;;;;;
;;;;;;;;;;;;;;;;
;;;;;;;;;;;;;;;;
;;;;;;;;;;;;;;;;
;;;;;;;;;;;;;;;;
;;;;;;;;;;;;;;;;
;;;;;;;;;;;;;;;;
;;;;;;;;;;;;;;;;
;;;;;;;;;;;;;;;;
;;;;;;;;;;;;;;;;
;;;;;;;;;;;;;;;;
;;;;;;;;;;;;;;;;
;;;;;;;;;;;;;;;;
;;;;;;;;;;;;;;;;
;;;;;;;;;;;;;;;;
;;;;;;;;;;;;;;;;
;;;;;;;;;;;;;;;;
;;;;;;;;;;;;;;;;
;;;;;;;;;;;;;;;;
;;;;;;;;;;;;;;;;
;;;;;;;;;;;;;;;;
;;;;;;;;;;;;;;;;
;;;;;;;;;;;;;;;;
;;;;;;;;;;;;;;;;
;;;;;;;;;;;;;;;;
;;;;;;;;;;;;;;;;
;;;;;;;;;;;;;;;;
;;;;;;;;;;;;;;;;
;;;;;;;;;;;;;;;;
;;;;;;;;;;;;;;;;
;;;;;;;;;;;;;;;;
;;;;;;;;;;;;;;;;
;;;;;;;;;;;;;;;;
;;;;;;;;;;;;;;;;
;;;;;;;;;;;;;;;;
;;;;;;;;;;;;;;;;
;;;;;;;;;;;;;;;;
;;;;;;;;;;;;;;;;
;;;;;;;;;;;;;;;;
;;;;;;;;;;;;;;;;
;;;;;;;;;;;;;;;;
;;;;;;;;;;;;;;;;
;;;;;;;;;;;;;;;;
;;;;;;;;;;;;;;;;
;;;;;;;;;;;;;;;;
;;;;;;;;;;;;;;;;
;;;;;;;;;;;;;;;;
;;;;;;;;;;;;;;;;
;;;;;;;;;;;;;;;;
;;;;;;;;;;;;;;;;
;;;;;;;;;;;;;;;;
;;;;;;;;;;;;;;;;
;;;;;;;;;;;;;;;;
;;;;;;;;;;;;;;;;
;;;;;;;;;;;;;;;;
;;;;;;;;;;;;;;;;
;;;;;;;;;;;;;;;;
;;;;;;;;;;;;;;;;
;;;;;;;;;;;;;;;;
;;;;;;;;;;;;;;;;
;;;;;;;;;;;;;;;;
;;;;;;;;;;;;;;;;
;;;;;;;;;;;;;;;;
;;;;;;;;;;;;;;;;
;;;;;;;;;;;;;;;;
;;;;;;;;;;;;;;;;
;;;;;;;;;;;;;;;;
;;;;;;;;;;;;;;;;
;;;;;;;;;;;;;;;;
;;;;;;;;;;;;;;;;
;;;;;;;;;;;;;;;;
;;;;;;;;;;;;;;;;
;;;;;;;;;;;;;;;;
;;;;;;;;;;;;;;;;
;;;;;;;;;;;;;;;;
;;;;;;;;;;;;;;;;
;;;;;;;;;;;;;;;;
;;;;;;;;;;;;;;;;
;;;;;;;;;;;;;;;;
;;;;;;;;;;;;;;;;
;;;;;;;;;;;;;;;;
;;;;;;;;;;;;;;;;
;;;;;;;;;;;;;;;;
;;;;;;;;;;;;;;;;
;;;;;;;;;;;;;;;;
;;;;;;;;;;;;;;;;
;;;;;;;;;;;;;;;;
;;;;;;;;;;;;;;;;
;;;;;;;;;;;;;;;;
;;;;;;;;;;;;;;;;
;;;;;;;;;;;;;;;;
;;;;;;;;;;;;;;;;
;;;;;;;;;;;;;;;;
;;;;;;;;;;;;;;;;
;;;;;;;;;;;;;;;;
;;;;;;;;;;;;;;;;
;;;;;;;;;;;;;;;;
;;;;;;;;;;;;;;;;
;;;;;;;;;;;;;;;;
;;;;;;;;;;;;;;;;
;;;;;;;;;;;;;;;;
;;;;;;;;;;;;;;;;
;;;;;;;;;;;;;;;;
;;;;;;;;;;;;;;;;
;;;;;;;;;;;;;;;;
;;;;;;;;;;;;;;;;
;;;;;;;;;;;;;;;;
;;;;;;;;;;;;;;;;
;;;;;;;;;;;;;;;;
;;;;;;;;;;;;;;;;
;;;;;;;;;;;;;;;;
;;;;;;;;;;;;;;;;
;;;;;;;;;;;;;;;;
;;;;;;;;;;;;;;;;
;;;;;;;;;;;;;;;;
;;;;;;;;;;;;;;;;
;;;;;;;;;;;;;;;;
;;;;;;;;;;;;;;;;
;;;;;;;;;;;;;;;;
;;;;;;;;;;;;;;;;
;;;;;;;;;;;;;;;;
;;;;;;;;;;;;;;;;
;;;;;;;;;;;;;;;;
;;;;;;;;;;;;;;;;
;;;;;;;;;;;;;;;;
;;;;;;;;;;;;;;;;
;;;;;;;;;;;;;;;;
;;;;;;;;;;;;;;;;
;;;;;;;;;;;;;;;;
;;;;;;;;;;;;;;;;
;;;;;;;;;;;;;;;;
;;;;;;;;;;;;;;;;
;;;;;;;;;;;;;;;;
;;;;;;;;;;;;;;;;
;;;;;;;;;;;;;;;;
;;;;;;;;;;;;;;;;
;;;;;;;;;;;;;;;;
;;;;;;;;;;;;;;;;
;;;;;;;;;;;;;;;;
;;;;;;;;;;;;;;;;
;;;;;;;;;;;;;;;;
;;;;;;;;;;;;;;;;
;;;;;;;;;;;;;;;;
;;;;;;;;;;;;;;;;
;;;;;;;;;;;;;;;;
;;;;;;;;;;;;;;;;
;;;;;;;;;;;;;;;;
;;;;;;;;;;;;;;;;
;;;;;;;;;;;;;;;;
;;;;;;;;;;;;;;;;
;;;;;;;;;;;;;;;;
;;;;;;;;;;;;;;;;
;;;;;;;;;;;;;;;;
;;;;;;;;;;;;;;;;
;;;;;;;;;;;;;;;;
;;;;;;;;;;;;;;;;
;;;;;;;;;;;;;;;;
;;;;;;;;;;;;;;;;
;;;;;;;;;;;;;;;;
;;;;;;;;;;;;;;;;
;;;;;;;;;;;;;;;;
;;;;;;;;;;;;;;;;
;;;;;;;;;;;;;;;;
;;;;;;;;;;;;;;;;
;;;;;;;;;;;;;;;;
;;;;;;;;;;;;;;;;
;;;;;;;;;;;;;;;;
;;;;;;;;;;;;;;;;
;;;;;;;;;;;;;;;;
;;;;;;;;;;;;;;;;
;;;;;;;;;;;;;;;;
;;;;;;;;;;;;;;;;
;;;;;;;;;;;;;;;;
;;;;;;;;;;;;;;;;
;;;;;;;;;;;;;;;;
;;;;;;;;;;;;;;;;
;;;;;;;;;;;;;;;;
;;;;;;;;;;;;;;;;
;;;;;;;;;;;;;;;;
;;;;;;;;;;;;;;;;
;;;;;;;;;;;;;;;;
;;;;;;;;;;;;;;;;
;;;;;;;;;;;;;;;;
;;;;;;;;;;;;;;;;
;;;;;;;;;;;;;;;;
;;;;;;;;;;;;;;;;
;;;;;;;;;;;;;;;;
;;;;;;;;;;;;;;;;
;;;;;;;;;;;;;;;;
;;;;;;;;;;;;;;;;
;;;;;;;;;;;;;;;;
;;;;;;;;;;;;;;;;
;;;;;;;;;;;;;;;;
;;;;;;;;;;;;;;;;
;;;;;;;;;;;;;;;;
;;;;;;;;;;;;;;;;
;;;;;;;;;;;;;;;;
;;;;;;;;;;;;;;;;
;;;;;;;;;;;;;;;;
;;;;;;;;;;;;;;;;
;;;;;;;;;;;;;;;;
;;;;;;;;;;;;;;;;
;;;;;;;;;;;;;;;;
;;;;;;;;;;;;;;;;
;;;;;;;;;;;;;;;;
;;;;;;;;;;;;;;;;
;;;;;;;;;;;;;;;;
;;;;;;;;;;;;;;;;
;;;;;;;;;;;;;;;;
;;;;;;;;;;;;;;;;
;;;;;;;;;;;;;;;;
;;;;;;;;;;;;;;;;
;;;;;;;;;;;;;;;;
;;;;;;;;;;;;;;;;
;;;;;;;;;;;;;;;;
;;;;;;;;;;;;;;;;
;;;;;;;;;;;;;;;;
;;;;;;;;;;;;;;;;
;;;;;;;;;;;;;;;;
;;;;;;;;;;;;;;;;
;;;;;;;;;;;;;;;;
;;;;;;;;;;;;;;;;
;;;;;;;;;;;;;;;;
;;;;;;;;;;;;;;;;
;;;;;;;;;;;;;;;;
;;;;;;;;;;;;;;;;
;;;;;;;;;;;;;;;;
;;;;;;;;;;;;;;;;
;;;;;;;;;;;;;;;;
;;;;;;;;;;;;;;;;
;;;;;;;;;;;;;;;;
;;;;;;;;;;;;;;;;
;;;;;;;;;;;;;;;;
;;;;;;;;;;;;;;;;
;;;;;;;;;;;;;;;;
;;;;;;;;;;;;;;;;
;;;;;;;;;;;;;;;;
;;;;;;;;;;;;;;;;
;;;;;;;;;;;;;;;;
;;;;;;;;;;;;;;;;
;;;;;;;;;;;;;;;;
;;;;;;;;;;;;;;;;
;;;;;;;;;;;;;;;;
;;;;;;;;;;;;;;;;
;;;;;;;;;;;;;;;;
;;;;;;;;;;;;;;;;
;;;;;;;;;;;;;;;;
;;;;;;;;;;;;;;;;
;;;;;;;;;;;;;;;;
;;;;;;;;;;;;;;;;
;;;;;;;;;;;;;;;;
;;;;;;;;;;;;;;;;
;;;;;;;;;;;;;;;;
;;;;;;;;;;;;;;;;
;;;;;;;;;;;;;;;;
;;;;;;;;;;;;;;;;
;;;;;;;;;;;;;;;;
;;;;;;;;;;;;;;;;
;;;;;;;;;;;;;;;;
;;;;;;;;;;;;;;;;
;;;;;;;;;;;;;;;;
;;;;;;;;;;;;;;;;
;;;;;;;;;;;;;;;;
;;;;;;;;;;;;;;;;
;;;;;;;;;;;;;;;;
;;;;;;;;;;;;;;;;
;;;;;;;;;;;;;;;;
;;;;;;;;;;;;;;;;
;;;;;;;;;;;;;;;;
;;;;;;;;;;;;;;;;
;;;;;;;;;;;;;;;;
;;;;;;;;;;;;;;;;
;;;;;;;;;;;;;;;;
;;;;;;;;;;;;;;;;
;;;;;;;;;;;;;;;;
;;;;;;;;;;;;;;;;
;;;;;;;;;;;;;;;;
;;;;;;;;;;;;;;;;
;;;;;;;;;;;;;;;;
;;;;;;;;;;;;;;;;
;;;;;;;;;;;;;;;;
;;;;;;;;;;;;;;;;
;;;;;;;;;;;;;;;;
;;;;;;;;;;;;;;;;
;;;;;;;;;;;;;;;;
;;;;;;;;;;;;;;;;
;;;;;;;;;;;;;;;;
;;;;;;;;;;;;;;;;
;;;;;;;;;;;;;;;;
;;;;;;;;;;;;;;;;
;;;;;;;;;;;;;;;;
;;;;;;;;;;;;;;;;
;;;;;;;;;;;;;;;;
;;;;;;;;;;;;;;;;
;;;;;;;;;;;;;;;;
;;;;;;;;;;;;;;;;
;;;;;;;;;;;;;;;;
;;;;;;;;;;;;;;;;
;;;;;;;;;;;;;;;;
;;;;;;;;;;;;;;;;
;;;;;;;;;;;;;;;;
;;;;;;;;;;;;;;;;
;;;;;;;;;;;;;;;;
;;;;;;;;;;;;;;;;
;;;;;;;;;;;;;;;;
;;;;;;;;;;;;;;;;
;;;;;;;;;;;;;;;;
;;;;;;;;;;;;;;;;
;;;;;;;;;;;;;;;;
;;;;;;;;;;;;;;;;
;;;;;;;;;;;;;;;;
;;;;;;;;;;;;;;;;
;;;;;;;;;;;;;;;;
;;;;;;;;;;;;;;;;
;;;;;;;;;;;;;;;;
;;;;;;;;;;;;;;;;
;;;;;;;;;;;;;;;;
;;;;;;;;;;;;;;;;
;;;;;;;;;;;;;;;;
;;;;;;;;;;;;;;;;
;;;;;;;;;;;;;;;;
;;;;;;;;;;;;;;;;
;;;;;;;;;;;;;;;;
;;;;;;;;;;;;;;;;
;;;;;;;;;;;;;;;;
;;;;;;;;;;;;;;;;
;;;;;;;;;;;;;;;;
;;;;;;;;;;;;;;;;
;;;;;;;;;;;;;;;;
;;;;;;;;;;;;;;;;
;;;;;;;;;;;;;;;;
;;;;;;;;;;;;;;;;
;;;;;;;;;;;;;;;;
;;;;;;;;;;;;;;;;
;;;;;;;;;;;;;;;;
;;;;;;;;;;;;;;;;
;;;;;;;;;;;;;;;;
;;;;;;;;;;;;;;;;
;;;;;;;;;;;;;;;;
;;;;;;;;;;;;;;;;
;;;;;;;;;;;;;;;;
;;;;;;;;;;;;;;;;
;;;;;;;;;;;;;;;;
;;;;;;;;;;;;;;;;
;;;;;;;;;;;;;;;;
;;;;;;;;;;;;;;;;
;;;;;;;;;;;;;;;;
;;;;;;;;;;;;;;;;
;;;;;;;;;;;;;;;;
;;;;;;;;;;;;;;;;
;;;;;;;;;;;;;;;;
;;;;;;;;;;;;;;;;
;;;;;;;;;;;;;;;;
;;;;;;;;;;;;;;;;
;;;;;;;;;;;;;;;;
;;;;;;;;;;;;;;;;
;;;;;;;;;;;;;;;;
;;;;;;;;;;;;;;;;
;;;;;;;;;;;;;;;;
;;;;;;;;;;;;;;;;
;;;;;;;;;;;;;;;;
;;;;;;;;;;;;;;;;
;;;;;;;;;;;;;;;;
;;;;;;;;;;;;;;;;
;;;;;;;;;;;;;;;;
;;;;;;;;;;;;;;;;
;;;;;;;;;;;;;;;;
;;;;;;;;;;;;;;;;
;;;;;;;;;;;;;;;;
;;;;;;;;;;;;;;;;
;;;;;;;;;;;;;;;;
;;;;;;;;;;;;;;;;
;;;;;;;;;;;;;;;;
;;;;;;;;;;;;;;;;
;;;;;;;;;;;;;;;;
;;;;;;;;;;;;;;;;
;;;;;;;;;;;;;;;;
;;;;;;;;;;;;;;;;
;;;;;;;;;;;;;;;;
;;;;;;;;;;;;;;;;
;;;;;;;;;;;;;;;;
;;;;;;;;;;;;;;;;
;;;;;;;;;;;;;;;;
;;;;;;;;;;;;;;;;
;;;;;;;;;;;;;;;;
;;;;;;;;;;;;;;;;
;;;;;;;;;;;;;;;;
;;;;;;;;;;;;;;;;
;;;;;;;;;;;;;;;;
;;;;;;;;;;;;;;;;
;;;;;;;;;;;;;;;;
;;;;;;;;;;;;;;;;
;;;;;;;;;;;;;;;;
;;;;;;;;;;;;;;;;
;;;;;;;;;;;;;;;;
;;;;;;;;;;;;;;;;
;;;;;;;;;;;;;;;;
;;;;;;;;;;;;;;;;
;;;;;;;;;;;;;;;;
;;;;;;;;;;;;;;;;
;;;;;;;;;;;;;;;;
;;;;;;;;;;;;;;;;
;;;;;;;;;;;;;;;;
;;;;;;;;;;;;;;;;
;;;;;;;;;;;;;;;;
;;;;;;;;;;;;;;;;
;;;;;;;;;;;;;;;;
;;;;;;;;;;;;;;;;
;;;;;;;;;;;;;;;;
;;;;;;;;;;;;;;;;
;;;;;;;;;;;;;;;;
;;;;;;;;;;;;;;;;
;;;;;;;;;;;;;;;;
;;;;;;;;;;;;;;;;
;;;;;;;;;;;;;;;;
;;;;;;;;;;;;;;;;
;;;;;;;;;;;;;;;;
;;;;;;;;;;;;;;;;
;;;;;;;;;;;;;;;;
;;;;;;;;;;;;;;;;
;;;;;;;;;;;;;;;;
;;;;;;;;;;;;;;;;
;;;;;;;;;;;;;;;;
;;;;;;;;;;;;;;;;
;;;;;;;;;;;;;;;;
;;;;;;;;;;;;;;;;
;;;;;;;;;;;;;;;;
;;;;;;;;;;;;;;;;
;;;;;;;;;;;;;;;;
;;;;;;;;;;;;;;;;
;;;;;;;;;;;;;;;;
;;;;;;;;;;;;;;;;
;;;;;;;;;;;;;;;;
;;;;;;;;;;;;;;;;
;;;;;;;;;;;;;;;;
;;;;;;;;;;;;;;;;
;;;;;;;;;;;;;;;;
;;;;;;;;;;;;;;;;
;;;;;;;;;;;;;;;;
;;;;;;;;;;;;;;;;
;;;;;;;;;;;;;;;;
;;;;;;;;;;;;;;;;
;;;;;;;;;;;;;;;;
;;;;;;;;;;;;;;;;
;;;;;;;;;;;;;;;;
;;;;;;;;;;;;;;;;
;;;;;;;;;;;;;;;;
;;;;;;;;;;;;;;;;
;;;;;;;;;;;;;;;;
;;;;;;;;;;;;;;;;
;;;;;;;;;;;;;;;;
;;;;;;;;;;;;;;;;
;;;;;;;;;;;;;;;;
;;;;;;;;;;;;;;;;
;;;;;;;;;;;;;;;;
;;;;;;;;;;;;;;;;
;;;;;;;;;;;;;;;;
;;;;;;;;;;;;;;;;
;;;;;;;;;;;;;;;;
;;;;;;;;;;;;;;;;
;;;;;;;;;;;;;;;;
;;;;;;;;;;;;;;;;
;;;;;;;;;;;;;;;;
;;;;;;;;;;;;;;;;
;;;;;;;;;;;;;;;;
;;;;;;;;;;;;;;;;
;;;;;;;;;;;;;;;;
;;;;;;;;;;;;;;;;
;;;;;;;;;;;;;;;;
;;;;;;;;;;;;;;;;
;;;;;;;;;;;;;;;;
;;;;;;;;;;;;;;;;
;;;;;;;;;;;;;;;;
;;;;;;;;;;;;;;;;
;;;;;;;;;;;;;;;;
;;;;;;;;;;;;;;;;
;;;;;;;;;;;;;;;;
;;;;;;;;;;;;;;;;
;;;;;;;;;;;;;;;;
;;;;;;;;;;;;;;;;
;;;;;;;;;;;;;;;;
;;;;;;;;;;;;;;;;
;;;;;;;;;;;;;;;;
;;;;;;;;;;;;;;;;
;;;;;;;;;;;;;;;;
;;;;;;;;;;;;;;;;
;;;;;;;;;;;;;;;;
;;;;;;;;;;;;;;;;
;;;;;;;;;;;;;;;;
;;;;;;;;;;;;;;;;
;;;;;;;;;;;;;;;;
;;;;;;;;;;;;;;;;
;;;;;;;;;;;;;;;;
;;;;;;;;;;;;;;;;
;;;;;;;;;;;;;;;;
;;;;;;;;;;;;;;;;
;;;;;;;;;;;;;;;;
;;;;;;;;;;;;;;;;
;;;;;;;;;;;;;;;;
;;;;;;;;;;;;;;;;
;;;;;;;;;;;;;;;;
;;;;;;;;;;;;;;;;
;;;;;;;;;;;;;;;;
;;;;;;;;;;;;;;;;
;;;;;;;;;;;;;;;;
;;;;;;;;;;;;;;;;
;;;;;;;;;;;;;;;;
;;;;;;;;;;;;;;;;
;;;;;;;;;;;;;;;;
;;;;;;;;;;;;;;;;
;;;;;;;;;;;;;;;;
;;;;;;;;;;;;;;;;
;;;;;;;;;;;;;;;;
;;;;;;;;;;;;;;;;
;;;;;;;;;;;;;;;;
;;;;;;;;;;;;;;;;
;;;;;;;;;;;;;;;;
;;;;;;;;;;;;;;;;
;;;;;;;;;;;;;;;;
;;;;;;;;;;;;;;;;
;;;;;;;;;;;;;;;;
;;;;;;;;;;;;;;;;
;;;;;;;;;;;;;;;;
;;;;;;;;;;;;;;;;
;;;;;;;;;;;;;;;;
;;;;;;;;;;;;;;;;
;;;;;;;;;;;;;;;;
;;;;;;;;;;;;;;;;
;;;;;;;;;;;;;;;;
;;;;;;;;;;;;;;;;
;;;;;;;;;;;;;;;;
;;;;;;;;;;;;;;;;
;;;;;;;;;;;;;;;;
;;;;;;;;;;;;;;;;
;;;;;;;;;;;;;;;;
;;;;;;;;;;;;;;;;
;;;;;;;;;;;;;;;;
;;;;;;;;;;;;;;;;
;;;;;;;;;;;;;;;;
;;;;;;;;;;;;;;;;
;;;;;;;;;;;;;;;;
;;;;;;;;;;;;;;;;
;;;;;;;;;;;;;;;;
;;;;;;;;;;;;;;;;
;;;;;;;;;;;;;;;;
;;;;;;;;;;;;;;;;
;;;;;;;;;;;;;;;;
;;;;;;;;;;;;;;;;
;;;;;;;;;;;;;;;;
;;;;;;;;;;;;;;;;
;;;;;;;;;;;;;;;;
;;;;;;;;;;;;;;;;
;;;;;;;;;;;;;;;;
;;;;;;;;;;;;;;;;
;;;;;;;;;;;;;;;;
;;;;;;;;;;;;;;;;
;;;;;;;;;;;;;;;;
;;;;;;;;;;;;;;;;
;;;;;;;;;;;;;;;;
;;;;;;;;;;;;;;;;
;;;;;;;;;;;;;;;;
;;;;;;;;;;;;;;;;
;;;;;;;;;;;;;;;;
;;;;;;;;;;;;;;;;
;;;;;;;;;;;;;;;;
;;;;;;;;;;;;;;;;
;;;;;;;;;;;;;;;;
;;;;;;;;;;;;;;;;
;;;;;;;;;;;;;;;;
;;;;;;;;;;;;;;;;
;;;;;;;;;;;;;;;;
;;;;;;;;;;;;;;;;
;;;;;;;;;;;;;;;;
;;;;;;;;;;;;;;;;
;;;;;;;;;;;;;;;;
;;;;;;;;;;;;;;;;
;;;;;;;;;;;;;;;;
;;;;;;;;;;;;;;;;
;;;;;;;;;;;;;;;;
;;;;;;;;;;;;;;;;
;;;;;;;;;;;;;;;;
;;;;;;;;;;;;;;;;
;;;;;;;;;;;;;;;;
;;;;;;;;;;;;;;;;
;;;;;;;;;;;;;;;;
;;;;;;;;;;;;;;;;
;;;;;;;;;;;;;;;;
;;;;;;;;;;;;;;;;
;;;;;;;;;;;;;;;;
;;;;;;;;;;;;;;;;
;;;;;;;;;;;;;;;;
;;;;;;;;;;;;;;;;
;;;;;;;;;;;;;;;;
;;;;;;;;;;;;;;;;
;;;;;;;;;;;;;;;;
;;;;;;;;;;;;;;;;
;;;;;;;;;;;;;;;;
;;;;;;;;;;;;;;;;
;;;;;;;;;;;;;;;;
;;;;;;;;;;;;;;;;
;;;;;;;;;;;;;;;;
;;;;;;;;;;;;;;;;
;;;;;;;;;;;;;;;;
;;;;;;;;;;;;;;;;
;;;;;;;;;;;;;;;;
;;;;;;;;;;;;;;;;
;;;;;;;;;;;;;;;;
;;;;;;;;;;;;;;;;
;;;;;;;;;;;;;;;;
;;;;;;;;;;;;;;;;
;;;;;;;;;;;;;;;;
;;;;;;;;;;;;;;;;
;;;;;;;;;;;;;;;;
;;;;;;;;;;;;;;;;
;;;;;;;;;;;;;;;;
;;;;;;;;;;;;;;;;
;;;;;;;;;;;;;;;;
;;;;;;;;;;;;;;;;
;;;;;;;;;;;;;;;;
;;;;;;;;;;;;;;;;
;;;;;;;;;;;;;;;;
;;;;;;;;;;;;;;;;
;;;;;;;;;;;;;;;;
;;;;;;;;;;;;;;;;
;;;;;;;;;;;;;;;;
;;;;;;;;;;;;;;;;
;;;;;;;;;;;;;;;;
;;;;;;;;;;;;;;;;
;;;;;;;;;;;;;;;;
;;;;;;;;;;;;;;;;
;;;;;;;;;;;;;;;;
;;;;;;;;;;;;;;;;
;;;;;;;;;;;;;;;;
;;;;;;;;;;;;;;;;
;;;;;;;;;;;;;;;;
;;;;;;;;;;;;;;;;
;;;;;;;;;;;;;;;;
;;;;;;;;;;;;;;;;
;;;;;;;;;;;;;;;;
;;;;;;;;;;;;;;;;
;;;;;;;;;;;;;;;;
;;;;;;;;;;;;;;;;
;;;;;;;;;;;;;;;;
;;;;;;;;;;;;;;;;
;;;;;;;;;;;;;;;;
;;;;;;;;;;;;;;;;
;;;;;;;;;;;;;;;;
;;;;;;;;;;;;;;;;
;;;;;;;;;;;;;;;;
;;;;;;;;;;;;;;;;
;;;;;;;;;;;;;;;;
;;;;;;;;;;;;;;;;
;;;;;;;;;;;;;;;;
;;;;;;;;;;;;;;;;
;;;;;;;;;;;;;;;;
;;;;;;;;;;;;;;;;
;;;;;;;;;;;;;;;;
;;;;;;;;;;;;;;;;
;;;;;;;;;;;;;;;;
;;;;;;;;;;;;;;;;
;;;;;;;;;;;;;;;;
;;;;;;;;;;;;;;;;
;;;;;;;;;;;;;;;;
;;;;;;;;;;;;;;;;
;;;;;;;;;;;;;;;;
;;;;;;;;;;;;;;;;
;;;;;;;;;;;;;;;;
;;;;;;;;;;;;;;;;
;;;;;;;;;;;;;;;;
;;;;;;;;;;;;;;;;
;;;;;;;;;;;;;;;;
;;;;;;;;;;;;;;;;
;;;;;;;;;;;;;;;;
;;;;;;;;;;;;;;;;
;;;;;;;;;;;;;;;;
;;;;;;;;;;;;;;;;
;;;;;;;;;;;;;;;;
;;;;;;;;;;;;;;;;
;;;;;;;;;;;;;;;;
;;;;;;;;;;;;;;;;
;;;;;;;;;;;;;;;;
;;;;;;;;;;;;;;;;
;;;;;;;;;;;;;;;;
;;;;;;;;;;;;;;;;
;;;;;;;;;;;;;;;;
;;;;;;;;;;;;;;;;
;;;;;;;;;;;;;;;;
;;;;;;;;;;;;;;;;
;;;;;;;;;;;;;;;;
;;;;;;;;;;;;;;;;
;;;;;;;;;;;;;;;;
;;;;;;;;;;;;;;;;
;;;;;;;;;;;;;;;;
;;;;;;;;;;;;;;;;
;;;;;;;;;;;;;;;;
;;;;;;;;;;;;;;;;
;;;;;;;;;;;;;;;;
;;;;;;;;;;;;;;;;
;;;;;;;;;;;;;;;;
;;;;;;;;;;;;;;;;
;;;;;;;;;;;;;;;;
;;;;;;;;;;;;;;;;
;;;;;;;;;;;;;;;;
;;;;;;;;;;;;;;;;
;;;;;;;;;;;;;;;;
;;;;;;;;;;;;;;;;
;;;;;;;;;;;;;;;;
;;;;;;;;;;;;;;;;
;;;;;;;;;;;;;;;;
;;;;;;;;;;;;;;;;
;;;;;;;;;;;;;;;;
;;;;;;;;;;;;;;;;
;;;;;;;;;;;;;;;;
;;;;;;;;;;;;;;;;
;;;;;;;;;;;;;;;;
;;;;;;;;;;;;;;;;
;;;;;;;;;;;;;;;;
;;;;;;;;;;;;;;;;
;;;;;;;;;;;;;;;;
;;;;;;;;;;;;;;;;
;;;;;;;;;;;;;;;;
;;;;;;;;;;;;;;;;
;;;;;;;;;;;;;;;;
;;;;;;;;;;;;;;;;
;;;;;;;;;;;;;;;;
;;;;;;;;;;;;;;;;
;;;;;;;;;;;;;;;;
;;;;;;;;;;;;;;;;
;;;;;;;;;;;;;;;;
;;;;;;;;;;;;;;;;
;;;;;;;;;;;;;;;;
;;;;;;;;;;;;;;;;
;;;;;;;;;;;;;;;;
;;;;;;;;;;;;;;;;
;;;;;;;;;;;;;;;;
;;;;;;;;;;;;;;;;
;;;;;;;;;;;;;;;;
;;;;;;;;;;;;;;;;
;;;;;;;;;;;;;;;;
;;;;;;;;;;;;;;;;
;;;;;;;;;;;;;;;;
;;;;;;;;;;;;;;;;
;;;;;;;;;;;;;;;;
;;;;;;;;;;;;;;;;
;;;;;;;;;;;;;;;;
;;;;;;;;;;;;;;;;
;;;;;;;;;;;;;;;;
;;;;;;;;;;;;;;;;
;;;;;;;;;;;;;;;;
;;;;;;;;;;;;;;;;
;;;;;;;;;;;;;;;;
;;;;;;;;;;;;;;;;
;;;;;;;;;;;;;;;;
;;;;;;;;;;;;;;;;
;;;;;;;;;;;;;;;;
;;;;;;;;;;;;;;;;
;;;;;;;;;;;;;;;;
;;;;;;;;;;;;;;;;
;;;;;;;;;;;;;;;;
;;;;;;;;;;;;;;;;
;;;;;;;;;;;;;;;;
;;;;;;;;;;;;;;;;
;;;;;;;;;;;;;;;;
;;;;;;;;;;;;;;;;
;;;;;;;;;;;;;;;;
;;;;;;;;;;;;;;;;
;;;;;;;;;;;;;;;;
;;;;;;;;;;;;;;;;
;;;;;;;;;;;;;;;;
;;;;;;;;;;;;;;;;
;;;;;;;;;;;;;;;;
;;;;;;;;;;;;;;;;
;;;;;;;;;;;;;;;;
;;;;;;;;;;;;;;;;
;;;;;;;;;;;;;;;;
;;;;;;;;;;;;;;;;
;;;;;;;;;;;;;;;;
;;;;;;;;;;;;;;;;
;;;;;;;;;;;;;;;;
;;;;;;;;;;;;;;;;
;;;;;;;;;;;;;;;;
;;;;;;;;;;;;;;;;
;;;;;;;;;;;;;;;;
;;;;;;;;;;;;;;;;
;;;;;;;;;;;;;;;;
;;;;;;;;;;;;;;;;
;;;;;;;;;;;;;;;;
;;;;;;;;;;;;;;;;
;;;;;;;;;;;;;;;;
;;;;;;;;;;;;;;;;
;;;;;;;;;;;;;;;;
;;;;;;;;;;;;;;;;
;;;;;;;;;;;;;;;;
;;;;;;;;;;;;;;;;
;;;;;;;;;;;;;;;;
;;;;;;;;;;;;;;;;
;;;;;;;;;;;;;;;;
;;;;;;;;;;;;;;;;
;;;;;;;;;;;;;;;;
;;;;;;;;;;;;;;;;
;;;;;;;;;;;;;;;;
;;;;;;;;;;;;;;;;
;;;;;;;;;;;;;;;;
;;;;;;;;;;;;;;;;
;;;;;;;;;;;;;;;;
;;;;;;;;;;;;;;;;
;;;;;;;;;;;;;;;;
;;;;;;;;;;;;;;;;
;;;;;;;;;;;;;;;;
;;;;;;;;;;;;;;;;
;;;;;;;;;;;;;;;;
;;;;;;;;;;;;;;;;
;;;;;;;;;;;;;;;;
;;;;;;;;;;;;;;;;
;;;;;;;;;;;;;;;;
;;;;;;;;;;;;;;;;
;;;;;;;;;;;;;;;;
;;;;;;;;;;;;;;;;
;;;;;;;;;;;;;;;;
;;;;;;;;;;;;;;;;
;;;;;;;;;;;;;;;;
;;;;;;;;;;;;;;;;
;;;;;;;;;;;;;;;;
;;;;;;;;;;;;;;;;
;;;;;;;;;;;;;;;;
;;;;;;;;;;;;;;;;
;;;;;;;;;;;;;;;;
;;;;;;;;;;;;;;;;
;;;;;;;;;;;;;;;;
;;;;;;;;;;;;;;;;
;;;;;;;;;;;;;;;;
;;;;;;;;;;;;;;;;
;;;;;;;;;;;;;;;;
;;;;;;;;;;;;;;;;
;;;;;;;;;;;;;;;;
;;;;;;;;;;;;;;;;
;;;;;;;;;;;;;;;;
;;;;;;;;;;;;;;;;
;;;;;;;;;;;;;;;;
;;;;;;;;;;;;;;;;
;;;;;;;;;;;;;;;;
;;;;;;;;;;;;;;;;
;;;;;;;;;;;;;;;;
;;;;;;;;;;;;;;;;
